停車場ID,停車場名稱,地址,即時剩餘車位
010056,遠東百貨停車場,板橋區中山路一段152號,-9
060040,崇光女子高中地下停車場,新北市新店區三民路19號B2,-9
120005,水湳洞停車場,新北市瑞芳區水湳洞段4、4-1、27-3、27-9地號(台2線78.5K),-9
020051,台灣省漁會三重示範魚市場停車場,三重區力行路一段6號,-9
010086,遠東資源開發股份有限公司遠東路1號營業所停車場,新北市板橋區遠東路1號地下一層,-9
010091,金板神大樓地下停車場,新北市板橋區南雅東路20-6號B2,-9
280008,萬里區商業文教綜合大樓地下停車場,萬里區瑪鍊路221號,-9
100029,油車口(B區)停車場,新北市淡水區中正路1段87巷與沙崙路交岔口(B區),-9
100028,竿蓁大型車停車場,新北市淡水區竿蓁一街(海鷗段339地號),-9
020025,新北市果菜運銷股份有限公司停車場,三重區中正北路111號,-9
070008,板樹停車場,樹林區水源街及板橋區溪城路,-9
020003,過圳街停車場,三重區過圳街2~30號前空地,-9
020150,重新橋下機車停車場,重新橋下,-9
010038,板橋環河(南雅西路環河平面停車場),館前西路160巷板城路口,-9
010192,台65高架橋下停車場,湳仔溝沿岸(橋墩編號P114、117、133、135、138、139),-9
010189,浮洲橋下(機車區),大觀路2段148巷口,-9
100048,海關碼頭對面機車場,中正路與文化路口,-9
010188,淡水稽徵所旁機車場,淡水區中正路193號旁,-9
060102,安民街機車場,新店區安民街3巷5號對面,-9
070046,樹林後站自行車停車場,後站街,-9
070047,南樹林站旁機車場,樹林區中山路與東興街口,-9
130074,土城榮家停車場,中央路4段410巷旁,-9
010193,龍安段110地號停車場,板橋區大觀路2段30巷,-9
020149,重新橋下活動中心周邊,重新路重新橋下,-9
020152,中正南路橋下停車場,重新路與中正南路口,-9
060103,秀朗橋下汽車場(新店),秀朗橋下(新店),-9
050054,豐年國民小學學生活動中心地下室停車場,新北市新莊區瓊泰路116號B1,-9
010207,臺北橋下機車停車場,新北市三重區重新路1段3號前,-9
030130,連城機車停車場(中和),新北市中和區連城路127巷48號,-9
140045,鷺江國中地下一樓收費停車場,新北市蘆洲區長樂路235號B1,-9
170065,林口區台61線高架橋下停車場1,臺61線高架橋下橋墩PA17~13.5K,-9
170066,林口區台61線高架橋下停車場2,臺61線高架橋下橋墩15K~P86,-9
050157,熊寶貝停車場,新北市新莊區幸福東路118號旁,-9
020115,水岸長堤停車場,新北市三重區河邊北街168號B1~B3,-9
060105,寶高停車場,新北市新店區寶高路102巷內,-9
170064,力璞玉社區停車場,新北市林口區文化三路1段249巷26~40號B1,-9
110014,忠厚市場地下停車場,新北市汐止區樟樹一路137巷26號B1,27
170067,台61線高架橋下停車場3,林口區台1線高架橋下橋墩PB~1015.6K,-9
060113,北新停車場(萬應科技),新北市新店區北新路1段136號B2,-9
030134,秀山國小收費停車場,新北市中和區立人街2號,-9
110067,汐止一站停車場,新北市汐止區大同路2段125、127、129、131、133、135、137、139、141、143、145、147、149、151、153、155、157、159、161、163、165、167號B1,-9
020161,後港仔停車場,新北市三重區三陽路134號旁,-9
110076,永隆停車場,新北市汐止區福德二路125巷6弄2號旁,-9
170037,圓舞曲社區停車場,新北市林口區文化北路1段299巷16號B1、B2,-9
150023,臻美大廈停車場,新北市五股區新五路2段371號B1,-9
030135,華中二平面路外停車場,新北市中和區中原二街115號旁,-9
040063,啟源停車場,新北市永和區成功路1段78號B5,-9
060108,北新官邸地下停車場,新北市新店區北新路1段128號B1、B2,-9
130080,中正停車場,新北市土城區中正路56巷15號對面,-9
110033,明峰停車場,新北市汐止區明峰街70號之1旁,-9
100052,全聯淡水中山停車場,新北市淡水區中山北路2段102號,-9
050167,民安平面停車場,新北市新莊區中正路721巷與福營路交叉口,-9
030138,牧源停車場,新北市中和區工專路臨38號旁,-9
140051,助安168徐匯商旅停車場,新北市蘆洲區集賢路409號B1~B3,-9
090037,鼎冠小吃店停車場,新北市三峽區大學路86-3號,-9
060119,美河市C棟商場機車停車場,新北市新店區中央路157號地下1層機車區,-9
100026,家福淡新店停車場,新北市淡水區中山北路2段383號B1、B2,-9
010218,ㄧ0九停車場,新北市板橋區金門街109巷底,-9
030049,中和停車場,新北市中和區中和路230巷1號對面,-9
030141,華中三臨時平面停車場,新北市中和區中原二街71號正對面,-9
140027,家福蘆洲店停車場,新北市三重區五華街282號5樓、6樓、頂樓,-9
070053,樹林山佳平面停車場,新北市樹林區佳園路1段92號,-9
050171,丹鳳國小收費停車場,新北市新莊區新北大道7段437號,-9
170075,全聯林口忠孝停車場,新北市林口區忠孝路32、36號,-9
060123,新店國小收費停車場,新北市新店區新店路2號,-9
010220,大觀國小收費停車場,新北市板橋區大觀路1段30號,-9
140055,御寬庭收費停車場,新北市蘆洲區和平路146~152號B1、B2,-9
100039,叭叭房淡江複合學舍停車場,新北市淡水區北新路182巷16-58號B3,-9
130090,寶磊收費停車場,新北市土城區承天路35號B1、B2,-9
170077,永雄御花園停車場,新北市林口區南勢六街246~252號B1,-9
060063,新店區中國城停車場,新北市新店區富貴街9巷及如意街交叉口,-9
100057,水源臨時停車場,新北市淡水區水源街1段103號前,-9
110079,白雲國小收費停車場,新北市汐止區民權街2段90號1F、B1,-9
030136,景秀停車場,新北市中和區景平路240巷2弄1號B1,-9
080038,吉愛停車場,新北市鶯歌區鳳吉二街101號旁,-9
010163,板橋果菜批發市場第一停車場,新北市板橋區板城路1000號,-9
050165,新莊新豐綜合行政大樓附設收費停車場,新北市新莊區樹新路222號B1~B5,-9
110081,福田停車場,新北市汐止區湖前街110巷2弄與湖東街交叉口,-9
020185,I世紀社區停車場,新北市三重區三民街68號B1、B2,-9
110039,正記樟樹停車場,新北市汐止區樟樹一路155巷,-9
080040,鶯歌停車場-陶博站,新北市鶯歌區尖山路55-3號旁空地,-9
020187,元信停車場,新北市三重區五華街1巷44號對面,-9
040055,迪卡儂中和停車場,新北市中和區中山路2段228號6F、7F,-9
020188,元亨股份有限公司中山大樓場停車場,新北市三重區新北大道2段88號B1,-9
050187,新莊思源場停車場,新北市新莊區思源路370巷,-9
100058,仁愛停車場,新北市淡水區仁愛街17號,26
170081,富堡晶璽收費停車場,新北市林口區文化三路1段631號B1,-9
070059,佳記停車場,新北市樹林區保安街2段98號之3旁空地,-9
140061,蘆洲鷺江街停車場,新北市蘆洲區鷺江街14、16號旁,-9
080041,永雄鳳福停車場,新北市鶯歌區鳳五路與鳳福路交口空地,-9
110087,汐止秀峰場停車場,新北市汐止區福安街8號旁,-9
090021,台灣聯通三峽停車場,新北市三峽區和平街65號B2,-9
170082,春見築收費停車場,新北市林口區三民路180-1號B1,-9
110088,明峰一停車場,新北市汐止區明峰街218號旁空地,-9
030149,立德一臨時平面停車場,新北市中和區立德街98巷79號旁空地,-9
090051,悅灣悠悅社區停車場,新北市三峽區民生街1巷6-1號B1、B2,-9
170083,麗江清久社區停車場,新北市林口區忠孝一路12號B1/50~65號車格,-9
130092,俥亭員林平面停車場,新北市土城區中央路2段99號旁,-9
210001,三芝中山立體停車場,新北市三芝區淡金路一段61號,36
030092,永年停車場,新北市中和區華順街52號右側,-9
100060,淡海新市鎮四季之旅地下停車場,新北市淡水區新市一路1段106號B1,-9
050193,捷運迴龍站停車場,新北市新莊區中正路758號,55
210002,三芝中正立體停車場,新北市三芝區中山路二段48-1號,58
110089,新五停車場,新北市汐止區新台五路1段260-1號旁,-9
020197,永福國小未來樓收費停車場,新北市三重區永福街66號/未來樓B1,-9
060006,新店區碧潭東岸平面停車場,新北市新店區環河路29巷旁,22
060008,新店區碧潭渡船頭平面停車場,新北市新店區新店路67號旁空地,-9
060112,新店區碧潭西岸平面停車場,新北市新店區溪州路31號旁空地,54
170086,富堡晶宴收費停車場,新北市林口區民族路81號B1/49~58、65~72及74~85號車格,-9
010242,六三停車場,新北市板橋區華江六路右轉華江三路70公尺處,-9
050079,成功停車場,新北市新莊區成功街202號旁,-9
130053,日新街停車場,新北市土城區日新街36號旁空地,-9
060032,停車易商行民權停車場,新北市新店區民權路31~37號B1/1~8、12、13及16~51號車位,-9
050198,冠德泰景停車場,新北市新莊區幸福東路128號B1、B2/機車為B1樓層1~70號車格,-9
270003,金包里老街停車場,新北市金山區中山路134號,-9
090049,祥耀停車場,新北市三峽區中華路8號對面,-9
110091,連成停車場,新北市汐止區和平街6巷5弄2號旁空地,-9
030069,吉拾停車場景平場,新北市中和區景平路168-202號B4/A6~8、28~37、40、50~53、56~60、62~64、68~74、89~102及B5~8、27~38、54~67、71~75、88~102車格位,-9
220002,富基漁港臨時停車場,石門區富基里楓林15-16號旁,-9
110073,上洲停車場,新北市汐止區福德二路79號對面,-9
060128,大潤發碧潭店停車場,新北市新店區環河路22號B2/1~139及141~201號車格,-9
050102,中信國小收費停車場,新 北市新莊區中信街168號B1,-9
080044,鳳民停車場,新北市鶯歌區鳳福路鳳福公園旁,-9
170049,南方沐林收費停車場,新北市林口區南勢街322號B1/62~70、115~118號車格，機車1~37號及B2/1~16、55~61號車格,-9
090053,詮營停車第二停車場,新北市三峽區中山路257巷16號對面空地,-9
110008,汐止區行政中心公有停車場,新北市汐止區新台五路一段268號B1、B2,-9
020023,集美國民小學地下停車場,新北市三重區集美街10號B1,-9
110093,台灣聯通社后停車場,新北市汐止區康寧街459巷13號B1/353~396號汽車格、1~125號機車格及B2/239~305、311~320、352號汽車格,-9
140064,Times蘆洲永平街停車場,新北市蘆洲區永平街32巷55號對面,-9
030029,新北市光復國小月租地下停車場,新北市中和區光環路2段1號B2,-9
010028,新北市立大觀國民中學停車場,新北市板橋區僑中一街1號B1,-9
060071,新北市立圖書館捷運新店線大坪林站(捷六)新天地大樓B2停車場,新北市新店區北新路3段105巷2號B2/52~64及66、67號車格位,-9
130086,新代田地下停車場,新北市土城區明德路1段71號B1/1~85號機車位及B2~B3之1~85號車格位,-9
050087,宜家家居股份有限公司新莊分公司停車場,新北市新莊區中正路1號B1~B3,-9
050160,昌鑫停車場有限公司中央站,新北市新莊區中央路與中信街交叉口,-9
010253,宏達經營管理顧問有限公司華江二停車場,新北市板橋區華江三路與華江二路交叉口往華江五路方向約100公尺,-9
130103,土城中央二平面停車場,新北市土城區中央路1段302號對面空地,-9
140065,Times蘆洲長榮路第3停車場,新北市蘆洲區長榮路288號旁,-9
140066,Times蘆洲民族路停車場,新北市蘆洲區民族路327巷42號旁,-9
090054,Times三峽大學路第2停車場,新北市三峽區大學路218號旁,-9
070037,樹林國民運動中心停車場,新北市樹林區中正路188-6號B1,-9
110051,宜舍汐止平面停車場,新北市汐止區汐止車站北側茄苳路至建成路間鐵路高架橋下P148~P151墩柱間土地,-9
170091,林口區力行段臨時路外停車場,新北市林口區民族路216巷旁,-9
010254,Times板橋華江一路停車場,新北市板橋區華江一路162號旁,-9
130104,青仁路青仁停車場,新北市土城區青仁路21號旁空地,-9
060104,宜家家居股份有限公司新店分公司停車場,新北市新店區中央路157、159號B1及2F、3F,-9
050029,新莊區農會停車場,新北市新莊區中正路80號B2-B4,-9
020207,宏達經營管理顧問有限公司仁義二停車場,新北市三重區仁義街79巷與元富一街交叉口往仁義街方向約50公尺,-9
030153,Times中和興南路二段停車場,新北市中和區興南路2段54巷內,-9
060036,新店區台北矽谷大樓停車場,新北市新店區北新路3段205、205-1號B3,-9
150040,全弘A區收費停車場,新北市五股區成泰路1段98巷28之26號,-9
130106,土城明峰停車場,新北市土城區明峰街與明峰街53巷口,-9
100040,淡水新市停車場,新北市淡水區新市1路3段101巷與101巷17弄交接處,-9
090023,台灣聯通北大停車場,新北市三峽區學成路398號B1~B2,-9
070062,家樂福北大停車場,新北市樹林區大雅路288號B2/787~789、791~800、802~804、814~816、819~836、839~889號及B3/667~682、686、695、697~727、740~765、769~771、784號車格位,-9
270014,金全興商店1號停車場,新北市金山區民生路47號,-9
270013,金全興商店2號停車場,新北市金山區民生路47號,-9
060139,陽光PARK社區立體停車場,新北市新店區安興路105號1樓/2~25號車格位,-9
090055,禮頓企業有限公司大學站停車場,新北市三峽區國際二街25號旁空地,-9
030137,漢傑華夏科大站停車場,新北市中和區工專路30號B1/6~24號格位及B2、B3,-9
020212,車堡寶實業股份有限公司新北大道場停車場,新北市三重區新北大道2段252號右側空地停車場,-9
020213,台灣聯通三重神農停車場,新北市三重區五谷王北街48巷內空地,-9
050199,鳳凰花園停車場,新北市新莊區中正路340號B1/464~533號汽車格、1~93號機車格及B2/534~556號汽車格,-9
170093,林口交響苑停車場,新北市林口區文化三路1段195號B1、B2,0
020116,越鑫三重場停車場,新北市三重區光興街85號B1/1~12、15、18、19、22~30號格及B2/31~41、44、47、48、51~59號車格,-9
050215,Times新莊中誠街停車場,新北市新莊區中誠街53巷36號對面停車場,-9
150043,聯毅停車場,新北市五股區新五路2段238號,-9
060073,統帥工業區停車場,新北市新店區寶興路45巷8弄5號1樓、B1,-9
090034,台灣聯通汐止福德停車場,新北市汐止區福德路38號B2、B3,-9
050216,Times新莊新泰路第2停車場,新北市新莊區新泰路139號左側旁停車場,-9
030100,名城停車場,新北市中和區景安路1號B1、B2,-9
060130,三車停車場,新北市新店區寶興便道/寶興便道停車場對面,-9
160012,泰山區明志國民小學地下停車場,新北市泰山區新生路2號/綜合大樓B2,-9
130109,Times土城中央路二段第2停車場,新北市土城區中央路2段21巷128號旁,-9
050129,新莊君泰停車場,新北市新莊區雙鳳路77巷2號B1、B2,-9
010044,捷運江子翠站轉乘停車場,新北市板橋區文化路2段296號,-9
010116,捷運府中站轉乘停車場,新北市板橋區縣民大道1段193號,1
130059,捷運頂埔站轉乘停車場,新北市土城區中央路4段51-6號B1~B3,14
130011,捷運海山站轉乘停車場,新北市土城區海山路39號B1,13
010258,(板橋區)USPACE車位共享平臺停車場,,-9
030110,和城平面停車場,新北市中和區和城路1段263號,-9
060096,寶興停車場,新北市新店區寶興路45巷對面高架橋下(寶高便道1號),-9
260006,福隆平面停車場,新北市貢寮區興隆街24之1號旁停車場,-9
060014,新店柴埕市民活動中心地下停車場,新北市新店區安民街79號B1、B2,-9
060052,新店大豐社福館地下停車場,新北市新店區民族路110號B1,10
050009,新莊文化藝術中心地下停車場,新北市新莊區中平路133號B1,32
010042,新北市藝文中心平面停車場,新北市板橋區莊敬路62號,37
080045,Times鶯歌鶯桃路第2停車場,新北市鶯歌區鶯桃路452號旁,-9
020219,捷運路停車場,新北市三重區捷運路22巷21號旁,-9
070039,金英堡收費停車場,新北市樹林區俊英街133巷16-3號B1、B2/含車道行車動線及其他必要性之相關設施,-9
050225,聯邦企業廣場大樓收費停車場,新北市新莊區新北大道3段7號B1/255~272、297~310號車格位與車道行車動線及其他必要性之相關設施,-9
030065,潤泰全球中和分公司B3、B4停車場,新北市中和區中山路2段228號B3、B4,-9
050136,碧瑤中平停車場,新北市新莊區中平路、榮華路2段交叉路口,-9
040032,宏達經營管理顧問有限公司永利停車場,新北市永和區永利路47號與永貞路70巷5號1~3F,-9
040039,香檳停車場,新北市永和區民權路49巷5弄27號B1,-9
060082,新店高中停車場,新北市新店區三民路161號B1、B2,95
040006,秀朗國小地下停車場,新北永和區民權路1號B1-B3,184
030156,探索中和停車場,新北市中和區建八路3號,-9
010153,Times 八里中山路停車場,新北市八里區中山路2段283號旁,-9
010146,江翠國中游泳池共構地下停車場,新北市板橋區松江街63號B2~B4,32
030064,時代大樓地下停車場,新北市中和區建康路101、103、105、107、107-1、109、111、113、115、117、119號B1~B3,-9
020087,台灣聯通介壽停車場,新北市三重區龍門路6-1號/1、2、5、6、7、8號車格位,-9
020113,碧華國小地下停車場,新北市三重區五華街160號B1、B2,44
030068,便利停車場威力站,新北市中和區中山路2段291、293、295、297號B4、B5及5F至11F,-9
030026,捷運南勢角站轉乘停車場,新北市中和區捷運路6號B1、B3,59
060007,捷運新店站轉乘停車場,新北市新店區北宜路1段2號B2~B4,12
080030,Times 鶯歌建國路停車場,新北市鶯歌區建國路59號旁,-9
010262,博客停車場燦坤新埔場,新北市板橋區雨農路19號B1,-9
130110,Times土城中央路四段第2停車場,新北市土城區中央路4段88號旁,-9
090059,Times三峽大學路第3停車場,新北市三峽區大學路152號旁,-9
110094,鄉長場停車場,新北市汐止區鄉長路1段55巷及鄉長路1段交叉口空地,-9
130100,土城青和街停車場,新北市土城區青和街1巷1號對面空地,-9
020007,三重區三張地下停車場,新北市三重區大智街188號B1,31
180001,深坑區公有立體停車場,新北市深坑區北深路2段192號,70
070040,Times樹林學林路停車場,新北市樹林區學林路79號旁,-9
040058,帥帥停車場,新北市永和區永福水門進入後右轉,-9
130112,Times土城慶樂街停車場,新北市土城區慶樂街2-1號旁,-9
050039,新莊區中正停車場(二),新北市新莊區福營路與福營路125巷口,-9
050082,新莊區中正停車場,新北市新莊區中正路621號,52
160019,武泰臻和停車場,新北市泰山區明志路2段125號B3,-9
050230,好市多新莊店第二停車場,新北市新莊區建國一路138號旁空地,-9
010264,江翠3號機車地下停車場,新北市板橋區文化路2段278號B1,43
050233,副都68停車場,新北市新莊區富貴路156號旁,-9
010171,叭叭房新板大樓停車場,新北市板橋區中山路1段141號B3,0
110095,Times汐止秀峰路停車場,新北市汐止區秀峰路119號旁,-9
050213,博客停車場開發股份有限公司藏壽司思源場停車場,新北市新莊區思源路168號,-9
030146,豪庭電機股份有限公司全聯中和新生店停車場,新北市中和區新生街255號,-9
020192,二重公園地下停車場,新北市三重區疏洪東路2段131號B1、B2,42
070050,三多停車場(樹林),新北市樹林區三多路123號對面,-9
010150,新店安坑停車場(正承),新北市新店區安民街與安興路口,-9
020222,太平洋三站停車場,新北市三重區重新路5段609巷10號B2,-9
110096,USPACE汐止工建停車場,新北市汐止區工建路153號旁,-9
030101,雙和醫院第一醫療大樓地下停車場,新北市中和區中正路291號B1~B2,17
030102,雙和醫院第二醫療大樓地下停車場,新北市中和區中正路291號B2~B5,0
230026,宏達經營管理顧問有限公司八里停車場,新北市八里區中山路2段406巷19號對面空地,-9
040076,Times永和大新街停車場,新北市永和區大新街50-1號旁,-9
100053,USPACE正大竹圍停車場,新北市淡水區民權路27號前棟5樓頂,-9
140060,修紳停車場,新北市蘆洲區國道路2段90號A區停車場,-9
060143,Times新店央北二啟文停車場,新北市新店區央北二路、啟文路及合記街口,-9
050186,車堡寶實業股份有限公司新莊光明場停車場,新北市新莊區民安西路172巷6弄20號旁空地,-9
020107,光武停車場,新北市三重區車路頭街151號旁空地,-9
010039,板橋區臺北紙廠臨時平面停車場,新北市板橋區大觀路2段28號,69
020223,RightHereParking瑞誼停車場,新北市三重區捷運路77之1、77之2號B1~B4,-9
140003,蘆洲區中山機械停車場,新北市蘆洲區得勝街107號,18
170053,致和停車場,新北市永和區環河東路4段20號對面堤防外高灘地,-9
110097,麟旺樟樹灣停車場,新北市汐止區樟樹一路97號對面空地,-9
080048,城市車旅鶯歌鳳鳴停車場,新北市鶯歌區鳳鳴路與龍五路交叉口,-9
040026,双和停車場,新北市永和區中和路305巷口西側旁空地,-9
070033,圳福收費停車場,新北市樹林區樹新路250-1號旁,-9
030066,中和二平面停車場,新北市中和區中和路230巷27號對面空地,-9
020225,Times三重捷運路第5停車場,新北市三重區捷運路22巷21號旁停車場,-9
110046,國泰汐止宿舍停車場,新北市汐止區建成路160巷63號B1、B2,-9
070065,羊咩咩停車場,新北市樹林區俊保路160號/樹潭消防分隊旁,-9
270016,新世紀語文短期補習班停車場,新北市金山區文化三路39號,-9
130115,上源停車場,新北市土城區青和街333號旁,-9
010068,板橋金站停車場,新北市板橋區館前西路6號B1/74~79、89~93、95、B2/56、57、59、65~68、73、B3/1~10、12~16、25、26、28、29、31、33~37號車格位,-9
110045,雍和台北園區收費停車場,新北市汐止區南陽街185~213號B1,-9
060144,(新店區)USPACE車位共享平臺停車場,,-9
010072,Uspace板橋旗艦停車場,新北市板橋區中山路1段279號,-9
060145,新店安興平面停車場,新北市新店區安興路與安民街交叉口,18
100018,北新停車場,新北市淡水區北新路184巷口,-9
070016,樹林國小慶福樓地下室及家長接送區停車場,新北市樹林區育英街176號B1及校外平面停車場,-9
140038,168停車聯盟-蘆洲三民場停車場,新北市蘆洲區三民路33號旁空地,-9
080033,礫間停車場,新北市鶯歌區館前路與文化路371巷交叉口,35
010122,便利停車場新巨蛋站,新北市板橋區文化路1段360號B2/小型車1055~1087及1104~1108號車格位、機車466~565號車格位,-9
050226,新北新莊凱悅嘉軒酒店停車場,新北市新莊區新北大道3段79號B1~B4,-9
070010,大同國民小學活動中心地下停車場,新北市樹林區大同街43號B1,-9
170033,國立臺灣師範大學林口校區資訊與教學大樓地下停車場,新北市林口區仁愛路1段2號(林口校區)資訊與教學大樓B1,-9
110052,iFG遠雄廣場停車場,新北市汐止區新台五路1段93-1號B2機車全層、B4/2364~2614及2616~3138號小型車位,250
170034,冠富林六期停車場,新北市林口區仁愛路2段106巷20、22號B1,-9
010132,愛買南雅店收費停車場,新北市板橋區貴興路101號B1、3F、4F、5F及頂樓,-9
170021,佳音林口文化二路停車場,新北市林口區文化二路2段1號旁空地,-9
010127,愛買南雅店路外停車場,新北市板橋區貴興路119號,-9
090060,富山三峽國成街停車場(一區),新北市三峽區學成路97號對面空地,-9
130046,城市車旅土城金城停車場,新北市土城區金城路3段12號B2/149~184、189~194、196~198號車位,-9
030160,(中和區)USPACE車位共享平臺停車場,,-9
090061,富山三峽國成街停車場(二區),新北市三峽區學成路97號對面空地,-9
040060,欣欣停車場,新北市永和區環河東路4段48號對面,-9
100002,水碓立體停車場,新北市淡水區中山北路1段189號,110
010152,四維公園地下停車場,新北市板橋區四維路177巷3弄6號B1~B3,50
010120,台灣聯通府中停車場,新北市板橋區中山路1段104號B1/1~10號車格位及B2,-9
060146,城市車旅新店寶中停車場,新北市新店區寶中路63號對面空地,233
010268,華江三路平面停車場,新北市板橋區華江三路211號旁停車場,-9
050245,Times新莊五工三路第2停車場,新北市新莊區五工三路78巷1號 對面停車場,-9
050244,Times全聯新莊幸福東店停車場,新北市新莊區幸福東路113號,-9
110090,汐止區建成段平面停車場,新北市汐止區鄉長路1段與大同路3段之汐止至五堵鐵路高架橋下,37
160005,泰山公有市場地下停車場,新北市泰山區全興路212號B1、B2,38
230027,八里福朋喜來登酒店停車場,新北市八里區觀海大道8號B1,-9
130036,博客金城站停車場,新北市土城區金城路3段202號,-9
110099,台鐵汐科南站停車場,新北市汐止區汐科火車站正下方,-9
130019,頂埔公有市場附設停車場,新北市土城區中州路28巷30號B1、B2,-9
170092,禮頓企業有限公司頭湖停車場,新北市林口區文化三路2段115巷76-1號旁空地,-9
170099,禮頓企業有限公司林口仁愛站停車場,新北市林口區仁愛路1段683號旁空地,-9
050211,禮頓新莊龍安停車場,新北市新莊區龍安路1-5號旁空地,-9
090007,三峽區中園國民小學停車場,新北市三峽區弘園街22號1F/1~41、49~55號及B1/1~28號車格位,-9
090052,禮頓企業有限公司國際一街上水停車場,新北市三峽區國際一街15號旁空地,-9
080054,禮頓企業有限公司鶯歌尖山路停車場,新北市鶯歌區尖山路100號旁空地,-9
060095,新店區中央公有零售市場停車場,新北市新店區中央五街60號1F/4~11號車格位,-9
010176,Times中和建六路停車場,新北市中和區建二路56號旁,-9
040068,玉清宮停車場,新北市永和區民樂街31巷17弄對面堤外高灘地,-9
050004,新莊區四維立體停車場,新北市新莊區四維路95號,9
010246,大觀段平面停車場,新北市板橋區大觀路1段29巷127-1號,20
030107,新北建八路平面停車場,新北市中和區建八路63號旁,-9
020228,中興北停車場,新北市三重區中興北街83號對面,-9
160002,義學立體停車場,新北市泰山區明志路2段188號,209
050247,Times新莊西盛街停車場,新北市新莊區西盛街220號旁停車場,-9
010269,Times樹林佳園路三段停車場,新北市樹林區佳園路3段和學勤路交叉口,-9
040062,Times 永和仁愛路停車場,新北市永和區仁愛路318號旁,-9
020143,五谷王三停車場,新北市三重區五谷王北街181-1號對面空地,-9
030020,錦和高中收費停車場,新北市中和區錦和路163號,-9
180006,深坑公有市場附設停車場,新北市深坑區平埔街22巷8號旁空地,-9
130094,禾典中央站停車場,新北市土城區中華路1段221號B1/汽車476~570號車格位，機車122~223號車格位,-9
030161,MIT-2地下停車場,新北市中和區立德街73號B1/329、343~346、354~359、361、364、365、369、370、391、392、397~400、430號車格位,-9
070048,秋煌停車場,新北市樹林區東大街144號對面,-9
010267,南雅停車場,新北市板橋區南雅西路1段61號,-9
110070,汐止樟樹停車場,新北市汐止區國道3號12K+065至12K+155高架橋下,-9
030058,艾德蒙海外股份有限公司停車場,新北市中和區建一路176號B2,-9
100015,艾德蒙海外股份有限公司淡水竹圍第一期停車場,新北市淡水區民族路33巷10號B2/28、29、60號車格位,-9
100014,艾德蒙海外股份有限公司淡水竹圍第二期停車場,新北市淡水區民族路31巷28~100號B2、B3,-9
100013,艾德蒙海外股份有限公司淡水竹圍第三期停車場,新北市淡水區民族路31巷1號B2、B3,-9
010031,板橋車站地下停車場,新北市板橋區縣民大道2段7號B1~B3,120
010154,板橋區臺65高架橋下(橋墩編號P93至P94)臨時平面停車場,新北市板橋區環河西路及板城路交叉口(華中公園旁)停車場,23
010064,馥都飯店停車場,新北市板橋區縣民大道1段189號B1~B4/1~49號車格位,-9
030067,中安停車場,新北市中和區南山路159號B1/1~27及31~102號車格位,-9
040061,天琴停車場,新北市永和區環河東路4段對面河堤內停車場,-9
100054,新北市滬尾藝文休閒園區停車場,新北市淡水區中正路1段2號B1、1F、2F,-9
010216,環翠段臨時平面停車場,新北市板橋區文新路與仁化街交叉口停車場,124
010134,全群停車場,新北市板橋區四維路230巷2號,-9
150046,太豐停車場,新北市五股區夏綠地街17號,-9
010170,板橋區江翠段122地號平面停車場,新北市板橋區華江一路377號旁,10
130070,金城平面停車場,新北市土城區金城路2段與明德路1段交叉口,-9
050099,新北市興化國小附設停車場,新北市新莊區五工二路50巷2號,-9
170101,台灣聯通林口新寮停車場,新北市林口區仁愛路1段285巷2號B1,-9
150026,新北市勞工活動中心地下停車場,新北市五股區五工六路9號B1,-9
130027,嵿埔之星科技廣場停車場,新北市土城區中央路4段51號1樓及E棟2F、3F,-9
090062,Times三峽中山路停車場,新北市三峽區中山路299巷3號對面,-9
050163,昌和停車場,新北市新莊區昌和街與昌平街交叉口,-9
080055,鶯歌大明昌停車場,新北市鶯歌區建國路33號旁,-9
030063,智富連城工商園區停車場,新北市中和區連城路232-1號B1/1、2、184~195、218~225號車格位,-9
230029,全聯八里商港停車場,新北市八里區商港一路197號/1~11號車格位,-9
150047,全聯五股新五停車場,新北市五股區新五路3段120號,-9
090063,Times三峽和平街停車場,新北市三峽區和平街29巷8號旁,-9
080057,尖山國中戶外停車場,新北市鶯歌區國中街1號,-9
170062,台灣聯通林口文林停車場,新北市林口區文化三路1段447巷29號對面空地,-9
110086,豪欣停車場,新北市汐止區福德二路29號旁,-9
170047,廣停二平面停車場,新北市林口區文化三路1段及仁愛一路交叉口,0
170046,廣停三平面停車場,新北市林口區文化二路1段與文化二路1段309巷交叉口,2
170045,廣停四平面停車場,新北市林口區文化三路1段394巷,18
010157,廣停六平面停車場,新北市林口區仁愛一路及民富街交叉口,0
170044,廣停七平面停車場,新北市林口區文化三路1段394巷及文化二路1段241巷交叉口,40
050252,新莊福營機車停車場,新北市新莊區福營路97巷10號旁,-9
010204,Times 板橋大觀路二段停車場,新北市板橋區大觀路二段174巷134號對面,-9
020230,俥萊有限公司大榮場停車場,新北市三重區大榮街53號旁空地,-9
140047,比活力停車場,新北市蘆洲區信義路165號,-9
110101,驛林交通股份有限公司汐止站停車場,新北市汐止區中興路168號B2/1~11及13~102號車格位,-9
040025,漢傑企業-永安站停車場,新北市永和區中和路499號B2/86~137號車位,-9
160024,嘟嘟房泰山泰林站停車場,新北市泰山區泰林路2段66號旁空地,-9
020026,社教館地下停車場,新北市三重區集美街60號B1,12
020021,行政大樓附設停車場,新北市三重區新北大道1段11號旁/73~99、102~152及158號車格,12
020017,綜合體育館地下停車場,新北市三重區新北大道1段2號B1、B2,75
140040,頂富御寶6大樓停車場,新北市蘆洲區長興路182號B1,-9
090064,Times三峽文化路停車場,新北市三峽區文化路120巷22弄5號斜對面,-9
030133,敦成大樓收費停車場,新北市中和區立德街199號B2、B3,-9
140068,蘆洲光復路停車場,新北市蘆洲區光復路41巷21號旁空地,-9
110038,三多停車場,新北市汐止區建成路59巷底,-9
060142,新北市寶高智慧產業園區停車場,新北市新店區寶高路26~30號1樓,-9
050254,新莊豐盛地下停車場,新北市新莊區豐盛二街8號B1(484~515)、B2(387~480),-9
050200,民安國小地下停車場,新北市新莊區民安路261號B1、B2,40
040054,網溪國小地下停車場,新北市永和區竹林路79號B1~B3,161
120016,瑞芳區漁會第一停車場,新北市瑞芳區深澳路189-5號前方入口,-9
040077,永和保平停車場,新北市永和區永貞路390號旁空地,-9
060031,江陵禮一期停車場,新店區民權路63、65、67號B5~B7,-9
130042,城市車旅家樂福土城店停車場,新北市土城區青雲路152號B3~B5,-9
260007,龍洞灣海洋公園停車場,新北市貢寮區龍洞街63-8號,-9
060148,裕隆城停車場,新北市新店區中興路3段70號B1，B2/442~825號汽車格及1~27號卸貨車格，B3,613
010208,USPACE新莊濕地場停車場,新北市新莊區富貴路與昌平街交叉入口/公園對面,-9
050166,USPACE新莊昌平場停車場,新北市新莊區富貴路111號/警局對面停車場,-9
100022,淡水中正機車停車場,新北市淡水區中正路115號B1,-9
100031,淡水中山機車停車場,新北市淡水區中山路77號2、3樓,-9
010276,板橋台65高架橋下湳仔溝A區停車場,新北市板橋區板城路433之1號對面空地停車場,15
010275,板橋台65高架橋下湳仔溝B區停車場,B區：新北市板橋區板城路271-1號對面空地,9
070028,家樂福樹林場停車場,新北市樹林區大安路118號1F、B1、B2,-9
020123,光復平面停車場,新北市三重區頂文路及神農街交叉口,41
120018,新九號停車場,新北市瑞芳區102縣道(瑞金公路)12公里處,-9
040056,頂溪國小地下停車場,新北市永和區文化路133號B1~B3,29
030112,光寶科技中和大樓C棟停車場,新北市中和區建六路77號B1、B2,-9
030051,助安168中和興南停車場,新北市中和區興南路2段131-2號,-9
020095,Times三重三信路停車場,新北市三重區三信路126號旁停車場,-9
240002,十分第二停車場,新北市平溪區靜安路3段356-3號,-9
230032,八里停五平面停車場,新北市八里區賢三街與大崁二街交叉口,30
230031,八里中庄段平面停車場,新北市八里區文昌路與文昌五街交叉口,83
230010,八里龍形平面停車場,新北市八里區龍米路1段與龍形一街交叉口,19
130118,Times土城中州路停車場,新北市土城區中州路30巷內/仁基京品接待中心對面,-9
030096,宏達經營管理顧問有限公司安平停車場,新北市中和區安平路109號B1,-9
110074,汐止樟樹二路停車場,新北市汐止區樟樹二路342巷高架橋下,-9
110013,汐止區金龍市場地下停車場,新北市汐止區中興路250號B1,21
040071,吉美一品收費停車場,新北市永和區竹林路68號B1/283~301號汽車格位及1~19號機車格位,-9
080058,福吉停車場,新北市鶯歌區鳳吉二街136號對面,-9
050113,宜家家居股份有限公司新莊分公司戶外停車場,新北市新莊區中正路1號1樓停車場,-9
010114,國立臺灣藝術大學停車場,新北市板橋區大觀路1段59號1F/10~53、63~106號車格位,-9
020135,三重區力行地下停車場,新北市三重區永福街10巷8號B1~B3,38
110083,汐止區星光橋南側平面停車場,新北市汐止區建成路178巷旁,32
030120,積穗國小地下停車場,新北市中和區員山路154號B1、B2,80
170059,林口福朋喜來登地下停車場,新北市林口區文化三路1段1號B1/357~566號機車位，B2/373~498、508~526號、B3/235~263號、B4/57~79號汽車位,-9
280010,野柳海洋世界停車場,新北市萬里區野柳里港東路167-3號,-9
050257,麗寶商業大樓停車場,新北市新莊區中華路3段216號B1、B3,-9
100228,台灣大車位淡海場停車場,新北市淡水區淡海路18號,-9
070069,樹林車站前站A區停車場,新北市樹林區樹林火車站/臨鎮前街左右2側,-9
010277,板橋台65高架橋下湳仔溝C區停車場,新北市板橋區板城路179-1號對面空地,5
060138,新店行政園區市政廳地下停車場,新北市新店區北新路1段86號B1/76~145、213~250、495~496、555~804號機車格、B3/398~502號及B4/244~255、269~303、316~322號汽車格(新店區行政段891地號),9
080059,台灣大車位光明街場停車場,新北市鶯歌區光明街68號旁空地,-9
260008,貢寮龍洞灣平面停車場,新北市貢寮區龍洞街63-8號旁空地停車場,-9
240001,平溪停三停車場,新北市平溪區南山坪136號對面空地,111
020059,三重力行停車場,新北市三重區力行路1段54號旁空地,-9
050259,嘟嘟房新莊中港國小站停車場,新北市新莊區中和街與中和街82巷口,-9
170103,林口忠孝路停車場,新北市林口區忠孝路531巷19號對面空地,-9
270006,金美停車場,新北市金山區金美街7號旁,-9
010175,板橋區江翠水岸特區停四平面停車場,新北市板橋區藝文一街與板城路交叉處,23
010174,江翠國小地下停車場,新北市板橋區文化路2段413號B1、B2,40
100229,佳美停車場,新北市淡水區沙崙路257號隔壁,-9
100016,忠佑停車場,新北市淡水區民族路31巷1號B1,-9
020206,三重區光榮國小地下停車場,新北市三重區介壽路32號B1、B2,105
170104,嘟嘟房林口文化三路3站停車場,新北市林口區文化三路2段251號旁停車場,-9
110034,遠東世界中心地下三樓停車場,新北市汐止區新台五路1段79號B3,-9
020004,三重區重新立體停車場,新北市三重區重安街1號,31
110055,北峰國小附設停車場,新北市汐止區環河街1號,-9
010252,嘟嘟房板橋英士站停車場,新北市板橋區英士路58巷19號旁,-9
070064,祭祀公業簡萬寧停車場,新北市樹林區大安路537巷內,-9
230009,埤頭平面停車場,新北市八里區中山路一段268巷旁,39
070071,樹林中山停車場,新北市樹林區中山路2段151巷15弄30號旁空地,-9
010282,高爾富立體停車場,新北市板橋區高爾富路303號,-9
060140,新店安康場停車場,新北市新店區安德路45號旁,-9
010112,台灣聯通江子翠停車場,新北市板橋區縣民大道3段155號旁,-9
130119,Times土城大暖路停車場,新北市土城區大暖路108號旁,-9
100232,嘟嘟房淡水新市站停車場,新北市淡水區新市二路3段90號旁空地,-9
230033,萊客有限公司八里忠二場停車場,新北市八里區忠二街與文心街交叉口空地,-9
020073,三重區永福國小地下停車場,新北市三重區永福街66號B1、B2,40
140025,Times 蘆洲長樂路第2停車場,新北市蘆洲區長樂路77號旁停車場,-9
050256,新莊鴻福段機車停車場,新北市新莊區思源路與思源路43巷交叉口外大漢橋下停車場,0
050202,永錡停車場有限公司昌平停車場,新北市新莊區中央路、昌平街交叉路口,-9
010082,亞東第一停車場,新北市板橋區南雅南路2段25號B1、B2,-9
040001,永和仁愛公園地下停車場,新北市永和區仁愛路244-1號B1、B2,160
060089,俥亭新店中正平面停車場,新北市新店區中正路30號旁空地,-9
140049,嘟嘟房蘆洲長榮站停車場,新北市蘆洲區長榮路58、60號B1/29、30、34、37、38號車格位及B2、B3,-9
030116,興南國小收費停車場,新北市中和區興南路1段135巷24號B1,-9
170036,九樹社區停車場,新北市林口區公園路120-1號B1,-9
100233,福容大飯店淡水漁人碼頭附設停車場,新北市淡水區觀海路83號B1,-9
010284,板橋區江翠段190地號平面停車場,新北市板橋區長江路2段73號後方空地停車場,21
070057,高鐵樹林段橋下停車場,新北市樹林區中正路188-6號旁,-9
110102,忠孝停車場,新北市汐止區新台五路2段1號旁空地,-9
110064,永和國民運動中心地下停車場,新北市永和區永利路250號B1~B3,89
140021,蘆洲區蘆洲國小地下停車場,新北市蘆洲區中正路100號B1~B2,69
140041,蘆洲區鴨母港抽水站平面停車場,新北市蘆洲區永安南路與環堤大道交叉處及永安南路與長安街223巷交叉處,38
170039,MITSUI  OUTLET  PARK  收費停車場,新北市林口區文化三路1段356號,1618
030126,中和景新立體停車場,新北市中和區景新街399巷12號,45
060081,白金花園收費停車場,新北市新店區安興路77號B1、B2,-9
070045,樹林秀泰廣場停車場,新北市樹林區樹新路40-6號/B1、4F、5F、7F~9F、11F,-9
020105,富鴻達國際事業有限公司愛買三重營業處停車場,新北市三重區中正北路193巷45號B1、B2,-9
010065,中華電信學院第一停車場,新北市板橋區民族路168號,-9
020180,Times三重忠孝路三段停車場,新北市三重區忠孝路3段162號旁巷弄內,-9
170106,博客停車-文化北場停車場,新北市林口區文化北路1段153、155號1F/2~11號車格位,-9
110001,汐止智興立體停車場,新北市汐止區忠孝東路1號,103
110054,汐止區橫科停車場,新北市汐止區橫科路119號左測約100公尺處,-9
070020,八德停車場,新北市樹林區太平路11號旁,-9
040048,振順停車場,新北市永和區環河西路1段中正水門進入向左轉,-9
030123,新北市青年社會住宅中和館地下停車場,新北市中和區景德街5號B1/335、400號車格及B2、B3,-9
050262,文強新樹路停車場,新北市新莊區新樹路412號旁空地,-9
090036,禮頓企業有限公司大觀停車場,新北市三峽區大觀路101號旁空地,-9
050261,Times新莊中和街(月租)停車場,新北市新莊區中和街31巷16號旁,-9
170029,嘟嘟房林口文化一路站停車場,新北市林口區文化一路1段100巷16號旁,-9
030147,中和區捷運環狀線高架橋下B區機車停車場,新北市中和區景平路406號前高架橋下/橋墩編號P919~925,166
030148,中和區捷運環狀線高架橋下C區機車停車場,新北市中和區景平路408號前高架橋下/橋墩編號P1002、1003,5
050072,新莊國民運動中心停車場,新北市新莊區公園路11號1樓及B2、B3,135
010203,家樂福板橋停車場,新北市板橋區三民路2段31號B2,-9
030162,家樂福中和店停車場,新北市中和區中山路2段295號B4、B5,-9
060038,家樂福新店城室內停車場,新北市新店區中興路三段1號B1、B2,72
170105,胚空間停車場,新北市林口區文化北路1段60巷79號旁,-9
130017,新北市土城區公所行政大樓前廣場停車場,新北市土城區金城路1段101號,-9
080011,昌福國小停車場,新北市鶯歌區永明街22號1樓及B1,-9
100009,嘟嘟房捷運紅樹林站停車場,新北市淡水區中正東路2段68號,53
140015,嘟嘟房捷運蘆洲站停車場,新北市蘆洲區三民路386號B1,8
030019,中和國中停車場,新北市中和區興南路2段3巷17號,-9
040078,Times永和永貞路停車場,新北市永和區永貞路349號旁,-9
230034,台灣聯通八里龍形停車場,新北市八里區龍形二街2-2號2樓/3-17號車格位,-9
100050,美麗新廣場淡海店停車場,新北市淡水區義山路2段301、303、305號B1、B2,-9
160032,金璽收費停車場,新北市泰山區明志路3段510號B1/48~63、65~73、80號機車位、B2/117~126、138號及B3/40~54號汽車格位,-9
010228,鴻達停車場,新北市板橋區溪頭街陽光運動公園旁,-9
050132,A3新北產業園區站停車場,新北市新莊區五工路37號,0
050131,A4新莊副都心站停車場,新北市新莊區新北大道4段188號,4
160017,A5泰山站停車場,新北市泰山區新北大道4段431號,3
160018,A6泰山貴和站停車場,新北市泰山區新北大道6段460號,0
170052,A9林口站停車場,新北市林口區八德路290號,1
010287,Times板橋華江二路停車場,新北市板橋區華江二路與長江路3段1巷交叉口,-9
180009,Times深坑北深路二段停車場,新北市深坑區北深路2段81巷8弄10號旁,-9
090035,Times 三峽大德路停車場,新北市三峽區大德路157號旁,-9
020200,博客停車場開發股份有限公司迪卡儂三重場停車場,新北市三重區集美街18號1樓及頂層,-9
010009,民權立體停車場,新北市板橋區民權路89號,31
050189,新北宏匯公共停車場,新北市新莊區新北大道4段3號B2~B3及B4/731~736、811~979號(856號現場無劃設)車格,1187
020011,三重區中山高架橋下(中山段)平面停車場,新北市三重區中山高架橋下方橋墩編號P35至P51,0
020020,三重區環河快速高架橋下平面停車場,新北市三重區河邊北街70號對面，位於環河北路近開元公園至環河北路128巷,29
170022,家樂福林口店停車場,新北市林口區文化二路1段559號B2/745~803、805~833、835~879、70、71號車格位,-9
080032,168停車聯盟-鶯歌陶都場停車場,新北市鶯歌區中山路151-1號B1、B2,-9
070073,昇順停車場,新北市樹林區福順街31號對面,-9
040069,永和花園停車場,新北市永和區環河東路4段20號對面高灘地,-9
040070,永和花園停車二場,新北市永和區環河東路4段20號對面高灘地,-9
060033,江陵春一期(B1F)停車場,新北市新店區民權路113號B1/406、413、417、424~436、445、447、448、456、461、463、467~474、477、479、482、489、490、491、493、496、497、503、508、518號車位,-9
010059,鴻金寶地下收費停車場,新北市新莊區民安路188巷5號B3/1~130號車格位,-9
030078,博客停車場景平站,新北市中和區景平路250、252、254、256、258、260號B2/1~13、17、21~28、34~44、50~130號車位,-9
060016,新店區廣明平面停車場,新北市新店區北宜路1段39巷32號旁,12
060003,新店北新公有停車場,新北市新店區北新路1段92號B1、B2,9
010181,淡水民生立體停車場,新北市淡水區民生路27-1號,31
010243,音樂公園地下停車場,新北市板橋區大同街76號B1~B3,126
270015,中角灣停車場,新北市金山區海興路180之3 號對面,-9
010021,435藝文特區平面停車場,新北市板橋區環河西路5段502號,8
010027,板橋區浮洲橋下平面停車場,新北市板橋區大觀路3段8-1號後方,10
010016,板橋區溪洲公園平面停車場,新北市板橋區滿平街84巷102號對面,34
010015,板橋區崑崙公園停車場,新北市板橋區大觀路3段160巷31弄5號對面,27
150041,松政企業社停車場,新北市五股區芳洲一路、芳洲三路右邊20公尺處,-9
050246,Times新莊中港路停車場,新北市新莊區中港路430號旁,-9
170035,竹城長崎收費停車場,新北市林口區文化三路2段115巷2號B1,-9
020053,家樂福重新店停車場,新北市三重區重新路五段654號/B1、B2、5F及6F(均部分使用),-9
080060,福安停車場(鶯歌),新北市鶯歌區福安街68號右前方,-9
070074,國凱停車場,新北市樹林區國凱街19-1號對面,-9
050232,聯鈞榮富停車場,新北市新莊區中和街155巷24弄39號對面,-9
120010,瑞芳國民小學停車場,新北市瑞芳區中山路2號B1,-9
050128,Times 新莊中原東福前停車場,新北市新莊區福美街62巷55號對面,-9
030089,中和國民運動中心停車場,新北市中和區錦和路350之2號1樓、B1,23
050263,Times新莊中正路第3停車場,新北市新莊區中正路196號旁停車場,-9
170038,禮御停車場,新北市林口區吉祥路176號B1、B2,-9
020211,濟安三重B區停車場,新北市三重區國道路1段109號對面停車場,-9
140052,濟安三重(A區)停車場,新北市蘆洲區國道路2段40-1號對面高架橋下空地,-9
140070,民生街停車場,新北市蘆洲區民生街95號旁空地,-9
020110,苡富中興場停車場,新北市三重區成功路63號旁,-9
010257,三民平面停車場,新北市板橋區三民路1段129號,-9
110077,汐止明峰二平面停車場,新北市汐止區明峰街57號對面空地,-9
110053,汐止區林森停車場,新北市汐止區林森街73巷3號前約100公尺處,-9
060084,全球科技特區停車場,新北市新店區寶橋路235巷118號,-9
130120,Times土城科技路停車場,新北市土城區科技路/中央路4段49號後方,-9
040009,永平國小平面停車場,新北市永和區保生路25號1F/1~36號車格位,-9
070075,Times樹林學林路第2停車場,新北市樹林區學林路133號旁停車場,-9
130071,學成公園地下停車場,新北市土城區學成路81號B1~B3,43
130072,員和公園地下停車場,新北市土城區中央路2段59號B1,15
040074,鴻霖停車場,新北市永和區環河東路3段與成功路1段93巷交叉口對面河堤內,-9
060018,新北市青少年圖書館地下平面停車場,新北市新店區安康路2段151號B1、B2汽車格及B1/4~38、53、54號機車格,12
050243,善美停車場,新北市新莊區中正路510號旁停車場,-9
010121,百揚大樓 MEGA TOWER 停車場,新北市板橋區新站路18號B2~B4、4~9F,-9
020169,台灣聯通集賢停車場,新北市三重區集賢路173號B1~B3/1~20、30、34~78、81、88~160號車格位,-9
110026,長揚停車場汐止站,新北市汐止區大同路2段169巷40號之1旁空地,-9
170054,新北文化二路停車場,新北市林口區民享路與文化二路2段88巷交叉口43號旁,-9
110035,便利停車場遠東地下二樓站停車場,新北市汐止區新台五路1段75~81號B2,-9
120017,瑞芳區漁會深澳漁港第二停車場,新北市瑞芳區深澳路20號兩側,-9
020234,中纖大樓停車場,新北市三重區神農街50號B1、B2,-9
020035,新北高中停車場,新北市三重區三信路1號,-9
030008,中和民享市場地下停車場,新北市中和區民享街37號B1,2
020194,三重區永德平面停車場,新北市三重區國道路1段18號對面/國道1號27K+984至28K+134,-9
110103,香帥蛋糕停車場,新北市汐止區汐萬路1段211巷26號旁空地,-9
090066,禮頓企業有限公司三峽大同路停車場,新北市三峽區大同路214號旁空地,-9
040050,永和國小平面停車場,新北市永和區秀朗路1段120號(1樓),-9
050164,晟晁PARK停車場,新北市新莊區中環路2段220號B1~B4,-9
050080,車堡寶實業股份有限公司中原場停車場,新北市新莊區中原路263號對面停車場,-9
080028,鶯歌工商收費停車場(活動中心地下室),新北市鶯歌區中正三路154號活動中心B1/17~21、23~41號車格位,-9
150004,五股區四維平面停車場,新北市五股區四維路與國道路3段交叉口,-9
070051,俊英街停車場,新北市樹林區俊英街123巷58號旁,-9
020235,苡富成功場停車場,新北市三重區成功路21號旁,-9
090065,詮營停車第一停車場,新北市三峽區中山路220巷旁空地,-9
120020,鼻頭港旁平面停車場,新北市瑞芳區鼻頭路237號對面,-9
010215,Times板橋大觀路一段(月租)停車場,新北市板橋區大觀路1段38巷156弄64號旁,-9
140029,珦湦停車場,新北市蘆洲區永安南路1段150-1號對面,-9
070076,金樹林停車場,新北市樹林區福順街2號,-9
010012,玫瑰公園平面停車場,新北市板橋區中正路437號及綠堤街41號對面,22
010003,國光公園平面停車場,新北市板橋區中正路375巷48號左右兩旁,9
010002,廣福公園平面停車場,新北市板橋區廣權路60號/公園入口旁,19
010026,雙十廣場平面停車場,新北市板橋區文化路2段182巷7弄旁停車場,12
230008,八里區渡船頭平面停車場,新北市八里區龍米路2段156號對面,99
230018,八里區龍米平面停車場,新北市八里區龍米路2段150號旁,149
070015,臺北大學特定區停一平面停車場,新北市樹林區學成路481號旁空地,33
140002,蘆洲區鷺江立體停車場,新北市蘆洲區民權路26號,130
180010,葉柏良停車場,新北市深坑區北深路3段5之1號旁,-9
180011,老街停車場(葉阿田),新北市深坑區北深路3段13之1號左側,-9
010237,新月停車場,新北市板橋區新月三街、中正路口,-9
100235,Times淡水新市一路一段停車場,新北市淡水區新市一路79號旁,-9
110104,國揚矽谷停車場,新北市汐止區中興路43號B1~B3(部分申請，車位如登記證),-9
170110,USPACE林口東湖路停車場,新北市林口區東湖路163號旁空地,-9
170109,新北市立林口高中地下停車場,新北市林口區仁愛路2段173號B1/15~31、36、37、40~43、97、103~114、117~120號車位,-9
130081,Times土城興城路停車場,新北市土城區興城路112號旁,-9
050265,新泰游泳池附設停車場,新北市新莊區新泰路502巷1號,-9
170108,東湖國小地下停車場,新北市林口區佳林路200號B1,-9
140071,Times蘆洲水湳街第3停車場,新北市蘆洲區水湳街73-5號旁,-9
090067,三峽區國光街平面停車場,新北市三峽區國光街386-2號對面空地,24
050266,城市車旅新樹停車場,新北市新莊區新樹路687巷29號對面,-9
040064,永龍停車場,新北市永和區環河東路3段與民樂街31巷口對面堤外高灘地,-9
100025,Times淡水原德路停車場,新北市淡水區原德路8號旁,-9
070012,樹林區第七立體停車場,新北市樹林區復興路202號,2
070004,樹林區第六平面停車場,新北市樹林區潭興街文林國小旁,17
070013,樹林區第十三平面停車場,新北市樹林區中山路1段與文化街交叉路口,1
100055,淡海新市停車場,新北市淡水區新市五路三段及崁頂二路交叉口,-9
050127,台灣聯通中原停車場,新北市新莊區中原路520號旁空地,-9
050190,宏匯廣場停車場,新北市新莊區新北大道4段3號B1、B4/737~810號車格及B5~B7,804
040027,USPACE永和耕莘醫院停車場,新北市永和區中興街52巷1弄28號1樓及B3,-9
050267,新莊丹鳳1站停車場,新北市新莊區新北大道7段792號旁,-9
010214,Times板橋大觀路一段第2停車場,新北市板橋區大觀路1段38巷156弄210號旁,-9
040079,Times永和中和路停車場,新北市永和區中和路599號旁,-9
020157,台北科技城地下停車場,新北市三重區光復路1段78號B1/613、617、664~682號車格位,-9
140050,Times蘆洲長興路停車場,新北市蘆洲區光華路186巷25-5號旁,-9
170111,禮頓企業有限公司忠孝路停車場,新北市林口區忠孝路497號旁空地,-9
010046,板橋國中地下停車場,新北市板橋區中正路437號B1,18
130122,皇翔MRT停車場,新北市土城區承天路4巷6號B1/1~78號機車位、338~365號汽車位及B2/313~337號汽車位,-9
020174,三重三和站停車場,新北市三重區三和路4段107-1號B1/1~13號機車位及B2、B3,-9
140072,Times蘆洲三民路第4停車場,新北市蘆洲區三民路178號旁,-9
170113,樺山企業忠孝停車場,新北市林口區忠孝路407號旁停車場,-9
170112,樺山企業公園停車場,新北市林口區公園路125號旁空地,-9
050106,新莊副都心停車場,新北市新莊區富貴路與麗水路交叉口,-9
170114,永豐興林口南勢停車場,新北市林口區南勢街23號旁土地,-9
070052,Times樹林八德街停車場,新北市樹林區八德街442號旁,-9
170001,林口區停一平面停車場,新北市林口區竹林路與竹林一路交叉口,50
170002,林口區停二平面停車場,新北市林口區竹林路124巷與竹林路281巷交叉口,60
170009,林口區停三立體停車場,新北市林口區中山路99號,33
170004,林口區停四平面停車場,新北市林口區仁愛路1段與興林路交叉口,12
170008,林口區停五平面停車場,新北市林口區中山路71號,19
170007,林口區停七平面停車場,新北市林口區仁愛路1段與中正路57巷交叉口東側,7
170060,林口區行政段226地號平面停車場,新北市林口區中正路102號對面,20
050191,馥都湛收費停車場,新北市新莊區福美街172巷1號B1,-9
030145,環狀線橋下A區機車停車場,新北市中和區景平路116號對面空地,200
110098,遠雄U-TOWN卸貨車停車場,新北市汐止區新台五路1段99號B3/1~12、22~32、37~85號大型卸貨車位及13~21、33~36、86~88號小型卸貨車位,-9
030104,千里亭中和中山場停車場,新北市中和區中山路2段311號旁,-9
060151,新店區大豐國民小學停車場,新北市新店區民族路108號,-9
050268,立特豐年街停車場,新北市新莊區豐年街59號空地,-9
080062,PPGO-尖山停車場,新北市鶯歌區尖山路270號旁,-9
100236,淡水崁頂五路停車場,新北市淡水區崁頂五路155號前方200公尺處,-9
150010,五股區工商立體停車場,新北市五股區工商路3號B1、2F~5F、8F及頂樓,0
020237,三重區中興橋下機車停車場,新北市三重區環河南路253號及261號對面,-9
150011,五股區成州平面停車場,新北市五股區凌雲路1段149巷61號後方,7
130125,土城中洲二停車場,新北市土城區中州路30巷內空地,-9
160045,泰山區南林段平面停車場,新北市泰山區南林路77號旁,50
020057,嘟嘟房三重平安站停車場,新北市三重區平安街17號空地,-9
050115,燦坤四維場停車場,新北市新莊區龍安路297號B1及1樓,-9
050169,Times新莊中原中平停車場,新北市新莊區中平路、中原路交叉口,-9
170100,林口舊街臨時平面停車場,新北市林口區仁愛路1段326號旁空地,-9
090025,三峽區三峽公有零售市場所屬停車場,新北市三峽區民生街186號B1、B2,36
060154,文強花園新城停車場,新北市新店區花園六路2段5號對面空地,-9
230035,富山八里商港一路停車場,新北市八里區商港一路與商港二路交叉口北側空地,-9
060153,Times新店中正路停車場,新北市新店區中正路329巷7號旁,-9
020239,湯城三期二站停車場,新北市三重區重新路5段609巷旁空地,-9
020238,湯城三期三站停車場,新北市三重區重新路5段與中興北街交叉口 旁空地,-9
060136,動力機車收費停車場,新北市新店區建國路279號1樓/8~68號機車位,-9
060034,新店慈濟醫院第一停車場,新北市新店區建國路289號1F、B1、B2,43
050229,新莊樹新地下停車場,新北市新莊區樹新路200號B1/703~748號車格位,17
010210,Times 板橋長江路二段停車場,新北市板橋區長江路2段311巷內,-9
280007,萬里行政大樓B1停車場,新北市萬里區瑪鋉路123號B1,-9
170006,林口區停六平面停車場,新北市林口區仁愛路1段及中正路57巷交叉口西側,4
110059,汐止東科停車場,新北市汐止區新台五路1段90~116號B2/A區1~9、22~40、44~64、66~103、108、110、111、116~161號車格位,-9
050173,中貴停車場,新北市新莊區中央路與中貴路交叉口,-9
010250,錢櫃永和店停車場,新北市永和區永和路1段129號B1、B2,-9
020079,觀光市集北側區停車場,新北市三重區重新橋北側/新莊堤外道路及疏洪十六路交叉口,172
020060,幸福水漾公園區停車場,新北市三重區重新橋北側自行車道與疏洪十六路交叉口,147
020127,萬善同停車場,新北市三重區大臺北公園中山橋下北側萬善同旁,51
020126,樂遊天地停車場,新北市三重區疏洪十二路與疏洪五路1段交叉口,104
020067,疏洪籃球場區停車場,新北市三重區疏洪十二路及東西向快速公路八里新店線交叉口,45
020081,疏洪壘球場區停車場,新北市五股區疏洪一路與疏洪八路交叉口,37
020082,疏洪三路區停車場,新北市五股區疏洪一路與疏洪八路交叉口,46
150029,木槌球場區停車場,新北市五股區六號越堤道及疏洪八路交叉口,24
150017,追風廣場區停車場,新北市五股區疏洪一路，追風直排輪競速場旁,68
150020,五股溼地區停車場,新北市五股區成蘆橋下近荒野協會辦公室,59
150022,集福里區停車場,新北市五股區成泰路4段22巷29之6號對面高灘地河濱公園,25
030165,台灣聯通雙和慈濟停車場,新北市中和區中山路3段41號B1,-9
200001,水柳腳立體停車場,新北市坪林區水柳腳34號之1,22
020049,湯城三期一站停車場,新北市三重區中興北街77號對面空地,-9
060001,大豐地下停車場,新北市新店區民族路109號B1、B2,51
050212,嘟嘟房新莊昌隆站停車場,新北市新莊區昌隆街87號B1/169、173、175、177、183~187、189、190、192~205、211~213、215、217~222、224~227、229、230、233、234、236~238號車格位,-9
030166,管得寬中和板南站停車場,新北市中和區建康路191號後方,-9
080026,雷諾瓦收費停車場,新北市鶯歌區國中街157號B1及B2/68~78號格位,-9
100221,板橋區華德公園平面停車場,新北市板橋區四川路2段245巷111號旁,13
260005,貢寮澳底公園地下停車場,新北市貢寮區仁愛路43號B1,40
130006,金城立體停車場,新北市土城區金城路2段266號,71
070077,學勤停車場,新北市樹林區學勤路527號旁,-9
130091,Times土城金城路商場停車場,新北市土城區金城路2段90號,-9
010291,板橋翠華停車場,新北市板橋區翠華街6巷89號旁空地,-9
010211,新埔國小新埔樓地下停車場(教育局轄管),新北市板橋區陽明街206號B1/1~28、30、34~41、68~75號車格,-9
170023,Times林口仁愛路2停車場,新北市林口區仁愛路1段386巷,-9
130126,晉呈資產管理有限公司明德停車場,新北市土城區明德路2段101號旁空地,-9
020241,三重區後埔停車場,新北市三重區重新路5段326巷6號之1對面,-9
130127,Times土城明德路一段停車場,新北市土城區明德路1段202號對面,-9
130128,Times土城明德路一段第2停車場,新北市土城區明德路1段194號對面,-9
050269,新莊區捷運幸福站立體停車場,新北市新莊區思源路296巷2號,20
010293,立信帝國花園廣場收費停車場,新北市板橋區華江一路111號B1~B4,-9
130129,Times土城延和路停車場,新北市土城區延和路62巷6弄14號旁,-9
030167,中和區秀山機車停車場,新北市中和區成功路139號對面空地,84
050188,馥都匯收費停車場,新北市新莊區福德二街2-1號B1/149~174號汽車格位及91~116號機車格位,-9
160047,新北市立義學國民中學教學大樓地下停車場,新北市泰山區民生路33號B1/23~27、35~42、76~82、87~94、31~33號車位,-9
030122,台灣聯通中和世紀廣場停車場,新北市中和區建一路172號B1,-9
090009,國立臺北大學三峽校區停車場,新北市三峽區大學路151號,-9
020242,168停車聯盟-三重永福場停車場,新北市三重區永福街與三和路4段交叉口空地,-9
010177,嘟嘟房板橋巨蛋站停車場,新北市板橋區環河西路及大漢街旁空地,-9
010261,USPACE林口仁愛停車場,新北市林口區仁愛路1段657巷21號對面空地,-9
080064,福吉第二停車場,新北市鶯歌區鳳吉二街130號對面,-9
080008,鶯歌區老街第二平面停車場,新北市鶯歌區尖山埔路295號旁,74
080001,鶯歌區建國路停一平面停車場,新北市鶯歌區建國路66號,5
080065,PPGO-國中站停車場,新北市鶯歌區國中街19號旁,-9
170117,嘟嘟房林口南勢站停車場,新北市林口區南勢街258號旁停車場,-9
020139,三重仁信段平面停車場,新北市三重區元信二街及元富二街交叉口旁空地,73
050272,城市車旅新莊丹鳳停車場,新北市新莊區新北大道7段397號旁空地,-9
130018,土城區和平平面停車場,新北市土城區和平路26~28號對面,12
130009,土城區青山平面停車場,新北市土城區青雲路351-1號旁,33
130132,土城區忠義公園地下停車場,新北市土城區忠義路74號B1、B2,9
110106,聯永物業股份有限公司-汐止二站停車場,新北市汐止區大同路1段159-1號旁空地,-9
020243,聯永物業股份有限公司-三重六站停車場,新北市三重區重新路2段132號旁空地,-9
130131,Times土城清水路停車場,新北市土城區清水路82號對面,-9
130130,Times土城清水路第2停車場,新北市土城區清水路99巷9號對面,-9
050214,台灣聯通中誠停車場,新北市新莊區中誠街53巷30號對面,-9
030117,元隆捷運雙星停車場,新北市中和區板南路651號B3/1~23及207~228號車格位,-9
050120,碧瑤峰範停車場,新北市新莊區福美街16號B1,-9
140011,蘆洲區鷺江國民小學地下室一、二樓停車場,新北市蘆洲區民族路7號B1、B2,-9
020171,宏達經營管理顧問有限公司慈濟停車場,新北市三重區中正北路450號後方空地,-9
090057,嘟嘟房三峽大德站停車場,新北市三峽區大德路181號旁停車場,-9
010221,叭叭房新板傑仕堡A停車場,新北市板橋區文化路1段188巷51號、53號B1、B2/12~32、34~40號車位及B3,42
010223,叭叭房新板傑仕堡B停車場,新北市板橋區文化路1段188巷59~69號B1~B3,39
100237,尚海商場停車場,新北市淡水區淡金路2、6、8、8-1、10、12、14號B1、B2/545~568、570~671、682~695、706~774、776~778號車格位,213
170118,永豐興林口民權停車場,新北市林口區民權路19號旁土地,-9
020177,Times三重秀江街停車場,新北市三重區秀江街231號旁,-9
010167,Times板橋龍山寺文化廣場停車場,新北市板橋區文化路2段242號B1~B3,-9
060155,容易庭新店法院停車場,新北市新店區大新街9巷17號,-9
060043,樺泰停車場,新北市新店區安業街231號,-9
020164,三重停八平面停車場,新北市三重區五谷王北街與興德路交叉口,0
040043,大家停車二場,新北市永和區民樂街31巷前堤外,-9
050013,新莊生命紀念館停車場,新北市新莊區壽山路162之1號1F及B1,-9
060083,里念停車場,新北市新店區安業街155號之2,-9
060030,寶安停車場,新北市新店區寶安街26號,-9
110018,新北市立青山國民中小學地下停車場,新北市汐止區莊敬街33號B1/1~17、25、27~32號車格位,-9
020191,轉角停車場,新北市三重區過圳街3號1樓對面停車場,-9
020137,三重興德站停車場,新北市三重區五谷王北街171號旁空地,-9
020209,三重頂文二街停車場,新北市三重區頂文二街與疏洪西路交叉口空地,-9
150049,福聖停車場,新北市五股區成泰路1段98巷30號之2,-9
080023,鶯歌國民小學第一停車場,新北市鶯歌區尖山埔路106號,29
050092,Times新莊中正路停車場,新北市新莊區中正路708-5號旁,-9
100238,Times淡水濱海路一段停車場,新北市淡水區濱海路1段298號,-9
160046,俊行記停車場,新北市泰山區泰林路2段93巷3號B1,-9
230036,八里文化公園停車場,新北市八里區博物館路與忠孝路交叉口停車場,161
020019,新北市立聯合醫院三重院區停車場,新北市三重區新北大道1段3號1樓/3~34、37~39、43~51、83、87~99號汽車位，1~86號機車位及新北大道1段3-1號B2、B3/1~20、22~42號汽車位,30
020018,淡水河畔公園停車場,新北市三重區環河北路堤外中山高速公路高架橋下之河川高灘地,45
060156,Times新店中正路第2停車場,新北市新店區中正路329巷1弄2號對面,-9
020138,晉呈資產管理有限公司神農四停車場,新北市三重區五谷王北街與五谷王北街27巷交叉口旁空地,-9
060015,文山國民中學停車場,新北市新店區文中路38號綜合大樓1、2樓,-9
050149,大漢橋下新莊端機車停車場,新北市新莊區思源路與環漢路2段交叉口旁,354
270018,台灣聯通金山停車場,新北市金山區忠孝一路76號對面空地,-9
270017,百里亭金山場停車場,新北市金山區中山路88號旁空地,-9
070017,三多國民中學停車場,新北市樹林區三多路101號1樓,-9
030004,中和區中和國小地下停車場,新北市中和區景平路632-8號B1-B2,118
030150,中和區秀峰段平面停車場,新北市中和區秀峰街與秀峰街19巷口,15
020102,文中小平面停車場,新北市三重區新北大道1段159號對面停車場,94
170076,長耀挹品停車場,新北市林口區文化三路2段61號B1、B2,-9
030168,中和區景平路平面停車場,新北市中和區景平路446號旁空地,1
080025,鶯歌區三號公園平面停車場,新北市鶯歌區建國路253號之尖山埔區及重慶街30號旁之重慶區,35
050197,中悦IFC收費停車場,新北市新莊區中原路552-1號B1/348~370號車格,-9
150031,Times五股新城三路停車場,新北市五股區新城六路263號對面,-9
050139,Times新莊中正路第2停車場,新北市新莊區中正路649號旁,-9
070078,Times樹林惠生保安婦幼停車場,新北市樹林區保安街1段190號B1、B2,-9
060039,臺北科學城停車場,新北市新店區北新路3段213號B2~B4/1~366號格位,-9
130133,土城中央停車場,新北市土城區中央路3段281巷19號對面空地,-9
040028,台灣聯通永一停車場,新北市永和區永和路2段116號B1,-9
030093,Times中和建康路第2停車場,新北市中和區建康路128號旁,-9
060062,安德停車場,新北市新店區安德街139號旁空地,-9
120014,瑞芳區後火車站平面停車場,新北市瑞芳區瑞芳街54號對面,25
170119,萬寮停車場,新北市林口區粉寮路2段146號,-9
050069,博客停車-寶雅新莊四維停車場,新北市新莊區龍安路252號1樓1~19號車格位,-9
050273,Times新莊天祥街停車場,新北市新莊區天祥街138號旁,-9
080067,Times鶯歌仁愛路第2(月租)停車場,新北市鶯歌區仁愛路17號對面,-9
080066,Times鶯歌仁愛路停車場,新北市鶯歌區仁愛路17號對面,-9
170120,MITSUI OUTLET PARK 林口二館收費停車場,新北市林口區文化二路1段123號B1、4F及頂樓,1089
010266,板橋區忠孝國中地下停車場,新北市板橋區重慶路168號B1、B2,76
010024,華東停車場,新北市板橋區南雅南路2段144巷88號對面空地,70
040003,永和國小地下停車場,新北市永和區中正路299號B1、B2,36
010168,都匯中心地下停車場,新北市板橋區中山路2段443巷77號B1~B3,-9
140074,Times蘆洲長興路第2停車場,新北市蘆洲區長興路71號旁,-9
140057,Times蘆洲長榮路第2停車場,新北市蘆洲區長榮路106號旁,-9
010018,板橋區府中立體停車場,新北市板橋區西門街59號,32
050148,新莊區廣停一機車停車場,新北市新莊區新知六路與福慧路交叉口,177
050008,新莊國中地下停車場,新北市新莊區景德路138號B1、B2,33
050011,後港新公園地下停車場,新北市新莊區後港一路19號B2及B3,15
140044,蘆洲仁愛立體停車場,新北市蘆洲區民權路141號,139
070079,樹林區長壽公園地下停車場,新北市樹林區樹德街40號B1~B3,40
080068,二橋國小戶外停車場,新北市鶯歌區中正三路106號1樓,-9
170095,永豐興林口中山停車場,新北市林口區中山路667號旁,-9
080035,Times鶯歌文化路停車場,新北市鶯歌區文化路309號旁,-9
010180,Times板橋忠孝路停車場,新北市板橋區忠孝路263號對面,-9
130014,土城區綜合體育場附設停車場,新北市土城區裕民路193-1號,-9
100239,名軒海樂地B1地下停車場,新北市淡水區沙崙路2段707號B1,-9
110075,嘟嘟房金龍市場站停車場,新北市汐止區中興路與民族六街交叉口,-9
040080,茂霖停車場,新北市永和區福和橋下福和市集東北側後方,-9
080069,Times鶯歌車站前第2停車場,新北市鶯歌區建國路33號旁,-9
080070,Times鶯歌行政路(月租)停車場,新北市鶯歌區行政路89號旁,-9
090020,好庭車三峽北大停車場,新北市三峽區國際一街120號旁空地,-9
010014,民生公園地下停車場,新北市板橋區民生路1段30號B1,11
070080,城市車旅樹林福順停車場,新北市樹林區福順街2號旁空地,-9
170074,林口世大運選手村社會住宅地下停車場A區,新北市林口區仁愛路2段496、498、500號、民治路1、3號及文化二路1段392號地下1層與2層合併空間,161
170071,林口世大運選手村社會住宅地下停車B區,新北市林口區仁愛路2段492號及文化一路1段201、203、205、207號地下1層與2層合併空間,164
170072,林口世大運選手村社會住宅地下停車場C區,新北市林口區文化一路1段186、190巷6、8號及仁愛路2段196、198、200、202號地下1層與2層合併空間,168
170073,林口世大運選手村社會住宅地下停車場D區,新北市林口區文化一路1段140、142、146、148、150、152、156、158、160、162、166號地下1層及2層合併空間,577
100227,文強新民停車場,新北市淡水區新民街19巷巷口空地,-9
110009,神通資訊科技股份有限公司汐科火車站停車場,新北市汐止區大同路2段312巷至184巷間汐止高架橋鐵路下方,-9
140075,Times蘆洲長樂路第5停車場,新北市蘆洲區長樂路27號旁,-9
170121,林口區行政園區平面停車場,新北市林口區忠孝二路55號旁,38
040024,好庭車永和停車場,新北市永和區警光街5-1號,-9
050119,Times  新莊福德一街停車場,新北市新莊區福德一街33號旁,-9
050057,Times新莊中原路第6停車場,新北市新莊區中原路255號對面,-9
040034,秀朗福利站附設平面停車場,新北市永和區永利路248號附設平面停車場,-9
020038,正義國小地下停車場,新北市三重區信義西街31號B1、B2、B3,9
050274,新莊中正路機車停車場,新北市新莊區中正路80號旁,-9
170079,博客停車-寶雅林口仁愛場停車場,新北市林口區育林街2、6號/2~9號車格位,-9
100017,淡水馬偕紀念醫院附設收費停車場,新北市淡水區民權路47號/馬偕樓B2、B3及綜研大樓1F、B1、B3,39
140007,蘆洲區成功地下停車場,新北市蘆洲區長安街222號B1、B2,41
140062,蘆洲區永康公園地下停車場,新北市蘆洲區長安街222之1號B1~B3,10
140013,蘆洲區民權平面停車場,新北市蘆洲區民權路6號旁,8
170080,博客停車-寶雅林口文化場停車場,新北市林口區文化三路1段107號,-9
110080,立特明峰停車場,新北市汐止區民族二街與明峰街交叉口北側空地,-9
050275,168停車聯盟-新莊富貴場停車場,新北市新莊區富貴路500、502號B1~B4,-9
070081,圳民停車場,新北市樹林區俊保路43號前空地,-9
030170,中和區健康段機車平面停車場,新北市中和區中山路2段355巷中央公園內,-9
030009,中和區錦和運動公園停車場,新北市中和區錦和路352號1樓及B1、B2,114
040023,大誠停車場,新北市永和區民權路102號B1,-9
270019,Times金山老街停車場,新北市金山區忠孝一路52號對面,-9
060115,新店中央平面停車場,新北市新店區斯馨路往央北二路400公尺處,-9
100051,Times淡金北新站停車場,新北市淡水區北新路221號旁,-9
020016,三重區龍門公園地下停車場,新北市三重區公園街32號,82
010135,潤智停車場,新北市板橋區大觀路3段50巷50號旁空地,-9
130134,員和青年社會住宅地下停車場,新北市土城區莊園街155號B1~B3,-9
060159,央北青年社會住宅地下停車場,新北市新店區中山路137號B1、B2,-9
160048,同榮492停車場,新北市泰山區明志路1段492巷18號對面,-9
130056,土城區莒光四村平面停車場,新北市土城區中央路1段189巷口南側,62
130003,土城區員林平面停車場,新北市土城區中正路67巷26號對面,15
130048,土城區明德平面停車場,新北市土城區延吉街及永豐路交界處,0
130008,土城區永豐平面停車場,新北市土城區立德路113號,19
130051,土城區大安平面停車場,新北市土城區大安路20號對面,8
010004,民生花市平面停車場,新北市板橋區民生路2段200及207號對面,49
020232,便利停車場三重三站,新北市三重區中正北路29號B1,-9
150051,五股區成德平面停車場,新北市五股區成泰路3段544-1號旁,8
150050,五股區芳洲平面停車場,新北市五股區芳洲路及新五路2段交叉口旁橋下,14
090068,Times三峽中山路第2停車場,新北市三峽區中山路287號旁停車場,-9
020114,翔譽A+停車場,新北市三重區成功路100號B1、B2,-9
030171,中和區公所洽公平面機車停車場,新北市中和區南山路4巷3號旁,-9
090041,禮頓企業有限公司國際二街停車場,新北市三峽區國際二街39號旁空地,-9
110029,汐止茄苳路停車場,新北市汐止區茄苳路12號旁空地,-9
160001,泰山區山腳平面停車場,新北市泰山區憲訓路與美寧街交會處,5
060017,中興低碳立體停車場,新北市新店區中興路3段6號,68
050276,市達停車場西盛街站,新北市新莊區西盛街362巷旁空地,-9
050277,新莊廣(停)三臨時平面停車場,新北市新莊區新樹路69號旁、新樹路67巷北側空地停車場,27
150034,五股區永安橋下平面停車場,新北市五股區中興路與臺64高架橋交叉口,16
160014,泰山區台貿三村平面停車場,新北市泰山區半山雅路2號前,17
110006,汐止區城中平面停車場,新北市汐止區建成路78號對面,67
050085,TimesUNIQLO新莊中正路店停車場,新北市新莊區中正路52號,8
060161,嘟嘟房新店北新站停車場,新北市新店區北新路3段51號B1，請由北新路3段65巷13弄進出,-9
140056,Times蘆洲水湳街停車場,新北市蘆洲區水湳街257號旁,-9
160049,俥萊信華場停車場,新北市泰山區信華一街453號旁空地,-9
020014,三重區五常公園地下停車場,新北市三重區五華街7巷30號B1,0
020058,三重區厚德國小地下停車場,新北市三重區忠孝路1段70號B1,5
010106,大漢暨長江機車平面停車場,新北市板橋區民生路3段109號對面,61
010053,第一運動場地下及海山路平面停車場,新北市板橋區漢生東路278號B1/2、4~7、10~13、15、36~65號及1樓停車格位,3
130136,土城板院段平面停車場,新北市土城區學府路1段23巷與99巷交叉口,18
170122,林口力行停車場,新北市林口區文化三路2段115巷93號對面空地,-9
030173,南山威力機車停車場,新北市中和區中山路2段291號B1、B2,-9
040081,Times永和豫溪街停車場,新北市永和區豫溪街110號旁,-9
050138,嘟嘟房五工1站停車場,新北市新莊區五工路95號旁/近機場捷運線新北產業園區站,-9
010295,民治第二停車場,新北市板橋區民治街81巷15號旁,-9
150045,五股新五路停車場,新北市五股區新五路3段25號對面,-9
080071,豐翊停車場,新北市鶯歌區大湖路26號旁,-9
090044,新北市三峽國民運動中心收費停車場,新北市三峽區文化路210巷12號1樓及B1,0
050137,驛林交通股份有限公司輔大醫療大樓站停車場,新北市新莊區中正路510號(輔仁大學國璽樓)B1/1~32、34、35、49~54、57~97、*1~*23、*27、*30~*59號車格位,-9
060087,新店區民安段臨時平面停車場,新北市新店區安民街78號旁,26
060086,新店區安和臨時平面停車場,新北市新店區安民街168巷對面,24
060160,新店區陽光段平面停車場,新北市新店區安和路2段與安業街口,8
020061,忠孝碼頭停車場,新北市三重區忠孝橋下高灘地臨時停車場/環河南路與大同南路交叉口附近,25
010123,市立殯儀館停車場,新北市板橋區中正路560號殯儀館附屬平面停車空間,-9
060111,新和臨時平面停車場,新北市新店區永安街109巷27號旁,12
020247,宏仁醫院收費停車場,"新北市三重區水漾路1段158號B1、B2/47~51,54~58號汽車位、B3、B4/1~15,18,19號汽車位",-9
040082,永和中興停車場,新北市永和區中興街88號旁,-9
060092,新店國校停車場,新北市新店區國校路30號對面空地,-9
110044,台灣科學園區停車場,新北市汐止區大同路一段237號B1/5~107、111~130、155~240號車格位,-9
140076,Times蘆洲三民路第7停車場,新北市蘆洲區三民路559號旁,-9
110100,汐止福泰大飯店停車場,新北市汐止區大同路1段128號B1,-9
140023,台灣聯通徐匯廣場停車場,新北市蘆洲區中山一路6、8號(代表號)地下3至6層,-9
090019,新北市市立殯儀館三峽火化場立體停車場,新北市三峽區介壽路3段260巷1號1、2樓/61~96號車格位及B1,-9
060064,新店高中運動中心停車場,新北市新店區中央路93號B1/1~6及11~26號車格位,-9
090045,北大國民小學停車場,新北市三峽區國光街100號B1,-9
100230,淡水中正路平面停車場,新北市淡水區中正路233號,2
230020,八里停六平面停車場,新北市八里區商港一路與商港九路交叉口,68
230021,八里停七平面停車場,新北市八里區商港一路及商港六路交叉口,34
230028,八里仁愛平面停車場,新北市八里區仁愛路80號對面空地停車場,-9
070082,Times樹林車站前停車場,新北市樹林區鎮前街35號後方,-9
040030,永安停車場,新北市永和區成功路1段80號B3,-9
010125,大庭段平面停車場,新北市板橋區國光路76號及156號旁空地,13
060067,矽谷溫泉會館停車場,新北市新店區中正路491-1號B1~B6,-9
030174,中和安邦社宅地下停車場,新北市中和區連城路142號B1/241~258、262~269、273~278號格位及B2、B3,-9
020024,三光國小地下室停車場,新北市三重區大同南路157號B1,-9
030031,中和區復興大樓地下停車場,新北市中和區南山路236號B1/1、2、4~7、9、10、14~21、25~28、31號車格位及B2/2~10、15~26、28~51號車格位,34
060022,中興停車場,新北市新店區中興路3段131號2樓及頂層,-9
130117,禾典土城站停車場,新北市土城區中正路151巷27號旁空地,-9
050278,市達停車場西盛街二站,新北市新莊區西盛街387巷旁空地,-9
050280,宏達經營管理顧問有限公司昌德停車場,新北市新莊區中原路228~236號右後方空地,-9
150027,六福新台北大樓立體停車場,新北市五股區五權五路27號,-9
080074,長揚停車場鶯歌站,新北市鶯歌區鶯歌路158號旁空地,-9
090069,長揚停車場三峽站,新北市三峽區國光街364巷14號對面空地,-9
010296,長揚停車場大觀2站,新北市板橋區大觀路2段1巷28號前方空地,-9
230017,中庄公有市場停車場,新北市八里區中山路1段109號B1,-9
010179,萬板一平面停車場,新北市板橋區懷德街235巷旁空地停車場,-9
060076,宏達經營管理顧問有限公司安坑停車場,新北市新店區安和路2段141號B1、1樓,-9
040013,中信平面汽車停車場,新北市永和區中興街88號對面空地,7
030158,雙和醫院雙和校區停車場,新北市中和區圓通路301號1F、2F、B1、B2,103
150044,勤華企業有限公司新城停車場,新北市五股區新城六路151號旁空地,-9
130137,新詠明德停車場,新北市土城區金城路2段80號旁空地,-9
210007,鞍部停車場,新北市三芝區大屯山鞍部登山口對面,25
210005,大屯2號停車場,新北市三芝區大屯自然公園旁,36
210004,大屯1號停車場,新北市三芝區大屯自然公園旁,27
210006,二子坪停車場,新北市三芝 區二子坪、大屯山車道入口處,25
030175,中和區大仁段平面停車場,新北市中和區大仁街與大勇街46巷交界處,8
010297,板橋民治文新平面停車場,新北市板橋區民治街57巷32-1號旁,-9
030088,和仁錦和收費停車場,新北市中和區錦和路388號1F及B1,-9
170123,Times林口惠民街停車場,新北市林口區惠民街30巷25號對面,-9
050086,Times新莊新泰路停車場,新北市新莊區新泰路122號旁空地,-9
110107,日月光社區停車場,新北市汐止區康寧街751巷13號1樓/10~20及23~35號車格位,-9
010124,江翠停五平面停車場,新北市板橋區中正路560號,-9
090030,禮頓企業股份有限公司北大學成二站停車場,新北市三峽區學成路159號旁,-9
050281,嘟嘟房新莊民樂站停車場,新北市新莊區民樂街66號旁空地,-9
060061,安康公有市場停車場,新北市新店區安康路2段120號B2,-9
010298,板橋民生環河平面停車場,新北市板橋區民生路3段/大漢橋親子遊戲場旁,130
020224,三重自強臨時平面停車場,新北市三重區自強路5段91號對面空地,72
020039,三重忠孝路臨時平面停車場,新北市三重區忠孝路3段84巷與洛陽街45巷交叉口,26
080050,鶯歌區公八公園平面停車場,新北市鶯歌區國華路與永明街交叉口,75
080051,鶯歌區三鶯轉運站南側平面停車場,新北市鶯歌區館前路與文化路交叉口/三鶯轉運站南側,30
080052,鶯歌區三鶯轉運站北側平面停車場,新北市鶯歌區館前路與文化路交叉口/三鶯轉運站北側,36
020217,三重興穀國小地下停車場,新北市三重區五谷王北街46號B1,15
130010,捷運永寧站轉乘停車場,新北市土城區中央路3段105號,74
070011,樹林區文林國民小學停車場,新北市樹林區千歲街59號1樓/1~39及60、61號車格位,-9
050218,Times新莊國家影視中心停車場,新北市新莊區文藝路2號B1,-9
050184,Times新莊化成路停車場,新北市新莊區化成路211巷1號之8旁,-9
160050,Times泰山壽山路停車場,新北市泰山區壽山路104號旁,-9
170051,環球購物中心林口A9停車場,新北市林口區文化三路1段2號B2、B3,-9
090070,大板根酒店本館地下室收費停車場,新北市三峽區插角里79號B2、B3,-9
050158,行政院新莊聯合辦公大樓停車場,新北市新莊區中平路439號B2/F11、F12、F15~F59、F62~F78、G1~G62、H1~H74、J1~J35、K56、K57、K64~K74號車格位,-9
030080,中和區和城路平面停車場,新北市中和區中正路501號旁,11
030015,中和區民安平面停車場,新北市中和區員山路455巷10號前空地,6
040044,永和區保生路平面停車場,新北市永和區保安路292號旁,24
030176,台灣科技公園停車場,新北市中和區建八路198號B1/6~11、376~380及392~399號車格位,-9
090071,滿月圓國家森林遊樂區停車場,新北市三峽區有木里179號,-9
230023,八里區下庄公有零售市場附設停車場,新北市八里區舊城路19號B1,-9
060162,新店溪洲園區停車場,新北市新店區溪洲路226號1樓/1~21號車格位,-9
010011,重慶公園地下停車場,新北市板橋區重慶路265號B1、B2,88
010219,環河公園臨時平面停車場,新北市板橋區板城路與南雅西路2段301巷41弄交叉口,21
010045,聖若望平面停車場,新北市板橋區南雅西路2段7巷底,7
010213,南雅西路環河平面停車場,新北市板橋區南雅西路2段175巷口,6
010043,國慶平面停車場,新北市板橋區重慶路277、279號對面,16
010033,英士路平面停車場,新北市板橋區新海路135巷口,7
050196,富貴中華社區停車場,新北市新莊區中華路1段43號B1/A區1~157號車格位,-9
100231,USPACE海洋都心停車場,新北市淡水區新市五路3段350號~400號B1、B2,-9
180005,深坑兒童遊戲場地下停車場,新北市深坑區平埔街3號B1、B2,103
010013,市民廣場地下停車場,新北市板橋區縣民大道二段22號B1-B3,111
180004,深坑埔新段平面停車場,新北市深坑區文化街17巷1號旁,34
160035,泰山區明志國民小學前庭平面停車場,新北市泰山區新生路2號,12
110085,Times汐止福德二路停車場,新北市汐止區福德二路125巷11號旁,-9
110082,Times汐止福德路停車場,新北市汐止區福德路26號旁,-9
010225,Times板橋篤行路三段第2停車場,新北市板橋區篤行路3段玉平巷81弄2號號旁,-9
060091,耕莘安康停車場,新北市新店區車子路15號B1~B5,-9
090072,Times三峽清水街停車場,新北市三峽區清水街291號旁,-9
160031,Times泰山全興福興停車場,新北市泰山區全興路與福興街交叉口,-9
170124,Times林口民富街停車場,新北市林口區民富街110號旁,-9
130123,土城沛陂停車場,新北市土城區三民路2號B1/1~170、177~294汽車位及1~325機車位,-9
010001,莊敬立體停車場,新北市板橋區莊敬路2號,66
010299,板橋黃石市場停車場,新北市板橋區北門街11號B1~B3,27
170090,林口信義路停車場,新北市林口區信義路136號旁空地,-9
010233,Times板橋文化路二段停車場,新北市板橋區文化路2段126號旁,-9
080073,新北市鶯歌國民運動中心收費停車場,新北市鶯歌區館前路250號1樓,-9
160051,仁星有限公司收費停車場,新北市泰山區全興路192號B1、B2/69~77號車格位,-9
060078,新環停車場,新北市新店區環河路181-1號旁空地,12
180008,嘟嘟房深坑站停車場,新北市深坑區北深路2段142號旁停車場,-9
170125,樺山企業頭湖二站停車場,新北市林口區文化三路2段115巷135號旁空地,-9
010300,板橋區成祥萬板平面停車場,新北市板橋區萬板路706號旁,-9
030007,民樂立體停車場,新北市中和區民樂路65號,45
030177,漢皇社區地下停車場,新北市中和區中山路2段299號B2/381號車格位,-9
170126,Times林口中山路停車場,新北市林口區中山路288號旁,-9
170127,Times林口仁愛路第3停車場,新北市林口區仁愛路1段659號旁,-9
040075,停佳安國光停車場,新北市永和區大新街73巷32號旁,-9
030087,中和地政事務所及稅捐稽徵處中和分處地下停車場,新北市中和區復興路278號B1~B3,12
120021,隔頂平面停車場,新北市瑞芳區瑞雙公路及瑞金公路口旁空地,5
100240,新市段平面停車場,新北市淡水區崁頂二路250號旁,29
130116,宏達經營管理顧問有限公司學士停車場,新北市土城區學士路413號斜對面空地,-9
020119,三重區光明公有零售市場所屬停車場,新北市三重區重安街70號1F及B1,4
020010,三重忠孝高架橋下重安段停車場,新北市三重區忠孝橋下墩柱P1至P21及P1至P3兩側汽車匝道,-9
020078,親水公園區停車場,新北市三重區疏洪十二路及疏洪一路交叉口,160
150018,微風運河2區停車場,新北市五股區疏洪一路土地公廟釣魚池旁,100
020071,荷花公園區停車場,新北市三重區疏洪十二路及疏洪一路交叉口,187
020068,觀光市集南側區停車場,新北市三重區重新橋南側/新莊堤外道路與疏洪十六路交叉口,287
270012,客萊停金山一場停車場,新北市金山區媽祖街(櫻花公園)旁空地,-9
270011,客萊停金山二場停車場,新北市金山區民生路與媽祖街交叉口空地,-9
100008,淡水三民立體停車場,新北市淡水區建設街6號,17
060010,新店區安康立體停車場,新北市新店區安康路2段120號4F~10F,31
020129,青年社會住宅三重1館停車場,新北市三重區環河南路125號B2~B3,-9
020128,青年社會住宅三重2館停車場,新北市三重區大同南路172巷28、30號B1~B3,-9
020144,青年社會住宅三重3館停車場,新北市三重區正義南路129號B2、B3,-9
090056,嘟嘟房三峽大德2站停車場,新北市三峽區大德路33號旁停車場,-9
050183,宏達經營管理顧問有限公司昌義停車場,新北市新莊區中央路與昌義路交叉口,-9
030178,Times中和建二路停車場,新北市中和區建二路64號旁,-9
160010,Times南亞科技停車場,新北市泰山區南林路115號旁,-9
050282,新莊新樹地下停車場,新北市新莊區新樹路753號B1/417~439號及B2/322~402、416號車格位,-9
150009,遙控賽車場區停車場,新北市五股區疏洪一路及疏洪十路交叉口,31
020083,陽光運河區停車場,新北市五股區疏洪一路及疏洪八路交叉口,65
020065,中山棒球場區停車場,新北市三重區疏洪十二路及東西向快速公路八里新店線交叉口,58
040067,珍珍停車場,新北市永和區民樂街31巷17弄對面堤外高灘地,-9
040072,福和停車場,新北市永和區福和橋下假日花市左方,-9
150019,微風運河3區停車場,新北市五股區疏洪一路近微風運河南側,80
150016,微風運河4區停車場,新北市五股區疏洪一路距離微風運河500公尺處,61
150015,微風運河5區停車場,新北市五股區成蘆橋距微風運河700公尺處,64
230004,永續環境教育中心停車場,新北市八里區觀海大道36號,-9
050114,Times新莊榮華路二段停車場,新北市新莊區榮華路2段(新莊聯合辦公大樓南棟對面)停車場,-9
170128,富山林口中山路停車場,新北市林口區中山路298號旁空地,-9
170097,禮頓企業有限公司林口中山站停車場,新北市林口區中山路490號旁空地,-9
050283,新莊丹鳳2站停車場,新北市新莊區鳳山街70號旁,-9
110108,Times汐止大同路二段停車場,新北市汐止區大同路2段199號旁,-9
060126,台灣聯通新店安光停車場,新北市新店區安光路75號B1/573~686號汽車位及435~452號機車位,-9
010263,客萊停板橋環翠場停車場,新北市板橋區環河西路4段699巷與環河西路4段799巷中間空地,-9
030132,中和區錦和平面停車場,新北市中和區錦和路115號旁,-9
030129,中和稽徵所與錦和派出所共構地下停車場,新北市中和區安邦街18、20號B1/1、2、7號及B2/1~8、10~22、24~36、38~109號車格位,-9
170130,城市車旅林口同學匯停車場,新北市林口區文化三路1段394巷12號旁空地,-9
060079,城市車旅新店安德二停車場,新北市新店區安德街64號對面空地,-9
060085,親情河濱公園2區停車場,新北市新店區環河路100號對面親情公園下方停車場,45
060047,親情河濱公園1區停車場,新北市新店區親情河濱公園高灘地,80
040014,綠寶石區停車場,新北市永和區中正橋下綠寶石區高灘地,123
040037,綠光河岸區停車場,新北市永和區中正橋下綠光河岸區高灘地,85
060068,萊茵區停車場,新北市新店區中安大橋下萊茵區高灘地,126
060021,陽光運動公園停車場,新北市新店區陽光橋下陽光運動公園區高灘地,82
040036,福和橋區停車場,新北市永和區福和水門正對面堤外停車場,136
010034,華江區停車場,新北市板橋區江子翠水門進入後左轉至華江橋間堤外高灘地,141
040066,長堤區停車場,新北市永和區民樂街31巷17弄對面堤外高灘地,19
030119,秀朗追風區停車場,新北市中和區秀朗橋下河濱籃球場旁空地,101
010178,領袖天下社區停車場,新北市板橋區四川路2段16巷1號B1、B2,-9
170129,Times林口文化三路一段停車場,新北市林口區文化三路1段191巷51號旁,-9
020112,美麗人生停車場,新北市三重區光復路1段45號B1、B2,-9
060164,新店區永安平面停車場,新北市新店區安和路3段46-14號,27
060163,新店區二十張平面停車場,新北市新店區二十張路231號,117
130139,Times土城中州路第2停車場,新北市土城區中州路52巷2弄2號對面,-9
230037,又綠有限公司台北港停車場,新北市八里區商港路與臨港大道交叉口空地,-9
030179,168停車聯盟-中和莊敬停車場,新北市中和區莊敬路40號空地,-9
080077,文強尖山路停車場,新北市鶯歌區尖山腳路260號空地,-9
010301,耀亭有限公司板橋幸福站停車場,新北市板橋區長江路1段25號旁空地,-9
050284,禮頓企業有限公司新莊思源路停車場,新北市新莊區思源路838號旁 空地,-9
050017,昌隆國小附設停車場,新北市新莊區昌隆街63號B1,-9
050235,新北產業園區服務中心停車場,新北市新莊區五工路95號,-9
170131,台灣聯通新林停車場,新北市林口區文化北路1段299巷69號旁空地,-9
050089,興偉承停車場,新北市新莊區新北大道7段498巷1號,-9
160043,Times南林科技園區立體停車場,新北市泰山區南林路123號,-9
100241,城市車旅漁人碼頭停車場,新北市淡水區中正路1段156巷10號旁空地,-9
160027,全聯泰山全興停車場,新北市泰山區全興路101號,-9
180007,深坑北深路平面停車場,新北市深坑區北深路3段165-1號旁空地,4
010230,江翠二平面停車場,新北市板橋區華江八路上應安停車場旁300公尺處,-9
140033,新峰向社區收費停車場,新北市蘆洲區長興路166號B1,-9
130099,萬應科技金城停車場,新北市土城區金城路1段與學府路交叉口50公尺處,-9
060070,勤華企業有限公司碧潭停車場,新北市新店區環河路19巷7號旁空地,-9
140058,Times蘆洲水湳街第2停車場,新北市蘆洲區水湳街297號旁,-9
140059,Times蘆洲長樂路第4停車場,新北市蘆洲區長樂路152號旁,-9
050285,Times新莊永樂街(月租)停車場,新北市新莊區永樂街237巷7號旁,-9
010037,板橋福利站停車場,新北市板橋區文化路1段311-1號,-9
050279,宏達經營管理顧問有限公司思源停車場,新北市新莊區思源路370巷15號旁空地,-9
040010,彩虹樓地下停車場,新北市永和區文化路133號1F、B1,-9
080061,嘟嘟房新北美術館站停車場,新北市鶯歌區館前路/捷運鶯歌站旁停車場,-9
230024,Times八里舊城路停車場,新北市八里區舊城路19號旁,-9
170132,林口中北一街場停車場,新北市林口區中北一街79號對面空地,-9
130068,土城青雲平面停車場,新北市土城區青福街68號斜對面,-9
060051,行遍天下大樓停車場,新北市新店區中興路3段3號B2,-9
170043,林口區機一臨時平面停車場,新北市林口區文化三路1段與忠孝三路交叉口,477
010248,板橋龍興街停車場,新北市板橋區龍興街95巷27號對面,-9
170061,樺山停車場,新北市林口區八德路48巷7號對面,-9
130024,中央路加油站收費停車場,新北市土城區中央路3段83號B1,-9
070056,Times樹林鎮前街(月租)停車場,新北市樹林區鎮前街287號旁,-9
130141,Times土城福祥街停車場,新北市土城區福祥街39號對面,-9
170098,禮頓企業有限公司林口文化路停車場,新北市林口區文化二路1段120巷1-1號旁空地,-9
060075,TOP科技大樓停車場,新北市新店區寶橋路188號B1、B2,-9
040073,中興街機車停車場,新北市永和區中興街62號,61
050140,鼎天餐飲店停車場,新北市新莊區中原路39號斜對面,-9
270008,市地重劃B區臨時平面停車場,新北市金山區仁愛路與福德街交叉口路口市地重劃區,15
020181,宏達經營管理顧問有限公司仁義停車場,新北市三重區仁義街79巷與元富一街交叉口,-9
050003,八德立體停車場,新北市新莊區八德街56號,0
050002,中誠立體停車場,新北市新莊區中誠街53巷1號,41
050051,思賢立體停車場,新北市新莊區福樂街73號,0
160042,文小一臨時平面停車場,新北市泰山區新北大道6段與漢口街北側及西側街廓停車場,119
160036,文中一臨時平面停車場,新北市泰山區新生路4號對面空地,178
100059,淡海新市鎮江南大宅地下停車場,新北市淡水區沙崙路1段1號B1汽車及1~418號機車位,-9
130142,Times土城清水路第3停車場,新北市土城區清水路50號旁,-9
130143,土城莊園停車場,新北市土城區莊園街252號B1/1~141號機車位、B2/1~220號汽車位,-9
110011,汐止區金龍國民小學停車場,新北市汐止區明峰街201號/1F校門右側身障3位及B1,-9
160038,新明臨時平面停車場,新北市泰山區中央路5巷25號旁,16
160041,泰山區文中二臨時平面停車場,新北市泰山區莊泰路與磚雅厝路交叉口旁,91
050286,輔大站3號出口機車平面停車場,新北市新莊區福營路輔大站3號出口旁,158
120002,瑞芳區立體停車場,新北市瑞芳區民權街3之1號,105
160044,泰山區停五平面停車場,新北市泰山區新北大道5段及文程路交叉口,35
070036,樹林俊保停車場,新北市樹林區俊保路41號對面空地,-9
130114,城市車旅土城中華停車場,新北市土城區中華路1段70巷15號旁空地,-9
050015,衛生福利部臺北醫院停車場,新北市新莊區思源路127號1F/19~55號汽車格及1~36號機車位,-9
050242,新莊運動公園地下停車場,新北市新莊區復興路1段28號B1~B3及平面之機車位,170
170026,林口區麗林超級市場地下停車場,新北市林口區公園路59號B1及B2,-9
060137,嘟嘟房新店民權站停車場,新北市新店區民權路78號B2,-9
010070,嘟嘟房板橋三民站停車場,新北市板橋區三民路1段210及212號B5、B6,-9
170116,嘟嘟房林口文化二路站停車場,新北市林口區文化二路1段68巷2號B1,-9
010093,東方富域停車場,新北市板橋區縣民大道二段78號B1/1~50、186~425、428~440號機車位及B7、B8,357
150036,Times五股新城八路第2停車場,新北市五股區新城八路320號對面,-9
050141,新莊富貴平面停車場,新北市新莊區富貴路、昌義路口旁空地,-9
040018,比漾廣場停車場,新北市永和區中山路1段238號B5/1~114、131~148、159~202、209~238、245~282、285~307、309~335號車格位,-9
130144,鄧溪河停車場,新北市土城區福田路及福城街口,-9
160052,聯永物業股份有限公司-泰山美寧站停車場,新北市泰山區美寧街57巷旁,-9
100010,嘟嘟房捷運淡水站停車場,新北市淡水區中正路1號B1、B2,76
010251,宏達經營管理顧問有限公司華江一停車場,新北市板橋區華江三路58號,-9
270007,金山區金山立體停車場,新北市金山區中興路101號,282
010272,168停車聯盟-板橋文化場停車場,新北市板橋區文化路1段280號B1,-9
090008,龍埔公園平面停車場,新北市三峽區國光街60號,36
070038,樹林停二平面停車場,新北市樹林區學成路及大成街交叉處,81
090017,三角湧平面停車場,新北市三峽區中華路與愛國路交界處,9
090016,光明平面停車場,新北市三峽區光明路39號之1,17
020246,重陽公園地下停車場,新北市三重區朝陽街77號B1~B3,42
050026,明日之星收費停車場,新北市新莊區中正路514巷99號,15
080075,新北市美術館地下停車場,新北市鶯歌區館前路298號B2、B3,58
050241,嘟嘟房新莊大觀全聯站停車場,新北市新莊區大觀街41號B1/332~343、345~355、357~359號車格位,-9
140063,蘆洲區長安公有市場附設停車場,新北市蘆洲區長安街96號B1/9~19號車格位,-9
140077,蘆洲國道路停車場,新北市蘆洲區國道路2段26號對面橋下停車場,-9
060150,安忠84停車場,新北市新店區安忠路84巷旁,-9
110060,都市空間中興停車場,新北市汐止區工建路356號旁,-9
050287,宏達經營管理顧問有限公司中華停車場,新北市新莊區中華路2段5號1樓,-9
100012,學府停車場,新北市淡水區學府路36號B1、B2,-9
010096,Times板橋金門街停車場,新北市板橋區金門街306-2號對面,-9
010129,Times板橋南雅夜市停車場,新北市板橋區南雅東路29巷3-1號旁,-9
010238,Times板橋莊敬路停車場,新北市板橋區莊敬路10號旁,-9
010183,板橋凱撒大飯店停車場,新北市板橋區縣民大道2段8號B1~B5,-9
080036,新北市鶯歌國民小學南門停車場,新北市鶯歌區尖山埔路106號,-9
080031,鶯歌區北鶯平面停車場,新北市鶯歌區館前路與文化路交叉口,96
030035,興南停車場,新北市中和區景新街410巷24號4至7樓及頂層,-9
070084,Times樹林復興路(月租)停車場,新北市樹林區復興路464巷56號旁,-9
080079,Times鶯歌永利街(月租)停車場,新北市鶯歌區永利街36號旁,-9
070083,Times樹林復興路第2停車場,新北市樹林區復興路227號旁,-9
070058,Times樹林三俊街停車場,新北市樹林區三俊街179號後方,-9
030121,Times中和中山路三段停車場,新北市中和區中山路3段136巷10弄2號旁,-9
080078,Times鶯歌鳳鳴車站前停車場,新北市鶯歌區鳳一路35號旁,-9
010302,Times板橋中正路停車場,新北市板橋區中正路275巷21號對面,-9
120022,富士開發瑞芳一區收費停車場,新北市瑞芳區魚坑路52-2號,-9
030139,嘟嘟房中和映象太和站停車場,新北市中和區建康路178號B1,-9
050172,嘟嘟房中平全聯站停車場,新北市新莊區中平路82巷27號B1/135~153號車格位,-9
090003,長福平面停車場,新北市三峽區光明路1號,18
100242,義山平面停車場,新北市淡水區淡金路3段與奎柔山路交叉口,27
100243,Times 淡水中山北路二段第3停車場,新北市淡水區中山北路2段189巷17號旁,-9
150039,禮頓企業有限公司五股芳洲站停車場,新北市五股區芳洲二路69號旁空地,-9
030180,板南路機車停車場,新北市中和區板南路655號旁,1
120023,八斗子停車場,新北市瑞芳區建基路2段121號旁空地,31
030151,南勢角捷運站平面停車場,新北市中和區和平街1號旁,-9
020248,宏達經營管理顧問有限公司德厚停車場,新北市三重區德厚街72號對面空地,-9
080080,宏達經營管理顧問有限公司尖福停車場,新北市鶯歌區中正三路5巷68號斜對面空地,-9
100244,Times淡水新市一路一段第2停車場,新北市淡水區新市一路1段178號對面,-9
120024,富新停車場,新北市瑞芳區明燈路3段209號對面,-9
010240,Times思夢樂板橋篤行路店停車場,新北市板橋區篤行路3段73號B1,-9
170133,Times林口八德路停車場,新北市林口區八德路500巷15號旁,-9
090074,三峽國民運動中心第二收費停車場,新北市三峽區文化路210巷12號旁,-9
060149,Times佳瑪新店店停車場,新北市新店區建國路268號B1/11~23及28~39號車格位,-9
110040,仲偉企業行下寮停車場,新北市汐止區新台五路1段90、92、96、98、100、102、104、106、110、112、114、116號B3,-9
090075,Times三峽大同路停車場,新北市三峽區大同路56號旁,-9
100245,Times壽司郎淡水新市店停車場,新北市淡水區濱海路1段36號,-9
260003,四季灣停車場,新北市貢寮區和美街48號,-9
050135,亞昕采匯收費停車場,新北市新莊區福美街128巷30號B1/汽車位及51~87號機車位、B2,-9
030182,中和中正路停車場,新北市中和區中正路545號,-9
050153,新莊頭前停車場,新北市新莊區化成路371巷27號旁,-9
110109,汐止工建地下停車場,新北市汐止區工建路356、358號B2/26~38及42~55號車格位,-9
010131,新北市立圖書館地下停車場,新北市板橋區貴興路139號B1~B3,0
180003,吉順新深坑老街停車場,新北市深坑區平埔街22巷19號旁空地,-9
170027,東勢市場停車場,新北市林口區麗園一街35號B1、B2,-9
020189,Times三重集智街(月租)停車場,新北市三重區集英路65號旁,-9
020195,Times三重五華街停車場,新北市三重區五華街256號旁,-9
130145,Times土城延峯街停車場,新北市土城區延峯街24巷1號對面,-9
010136,仁化平面停車場,新北市板橋區仁化街54號旁,-9
050033,便利停車場新莊二站,新北市新莊區中正路649-1號B2/234~250、252~261、264~273、276~279、282、289~450號車格位,-9
070044,樹林區育德國小停車場,新北市樹林區佳園路1段34號1F、B1,-9
030183,宏達經營管理顧問有限公司員山停車場,新北市中和區員山路394巷6號前空地,-9
060124,北新路二段停車場,新北市新店區北新路2段185號旁空地,-9
070068,南樹林機車停車場,新北市樹林區中山路2段南樹林火車站旁,-9
020005,正義公園地下停車場,新北市三重區雙園街1號B1、B2,56
020008,二重國中地下停車場,新北市三重區忠孝路3段89號B1、B2,43
100046,淡水馬偕紀念醫院機車收費停車場,新北市淡水區民權路47號馬偕醫院對面,-9
020226,三重溪尾停車場,新北市三重區溪尾街30號,-9
050236,新莊福壽停車場,新北市新莊區福壽街與思源路593巷6弄交叉口空地,-9
130097,土城醫院停車場,新北市土城區金城路2段6號B1~B3,-9
100004,紅毛城停車場,新北市淡水區中正路28巷1號,-9
020250,宏達經營管理顧問有限公司清傳一停車場,新北市三重區德厚街與疏洪西路38巷交叉口前方空地,-9
060060,台灣聯通台北慈濟醫院停車場,新北市新店區建國路277號、277-1號B1/1~14、16~22、26~32、36~41號格位及B2、B3,-9
060167,新店區公崙機車停車場,新北市新店區安民街35巷9弄12號旁,-9
060166,新店區安民街機車停車場,新北市新店區民安街48號旁,-9
070041,Times南樹林站停車場,新北市樹林區東興街2號旁,-9
050134,傳峰停車場,新北市新莊區瓊泰路188號B1/82~111號機車位、B2汽車位、B3/55~63-1號汽車位,-9
130005,土城區延吉立體停車場,新北市土城區德峰街65號,144
130004,土城區裕生立體停車場,新北市土城區裕生路106號,43
130084,土城區中央公園地下停車場,新北市土城區中央路1段325之1號B1~B4,79
010110,板橋區板橋高中地下停車場,新北市板橋區文化路1段25號B1,58
010285,城市車旅三重元信二停車場,新北市三重區仁義街120號,-9
010217,華翠區停車場,新北市板橋區江子翠水門進入後右轉至光復水門間堤外高灘地,30
020002,三重區中山立體停車場,新北市三重區新北大道1段7號B1、B2、2F~7F及頂樓,25
020006,三重區聯邦地下停車場,新北市三重區中華路125號B2、B3,41
020034,三重區碧華平面停車場,新北市三重區仁華街118巷28號,0
020072,三重區忠孝自強平面停車場,新北市三重區忠孝路2段35號對面,8
060127,和雲新店民權停車場,新北市新店區民權路188號旁,-9
100038,和雲淡水海關碼頭停車場,新北市淡水區中正路235號旁空地,-9
060055,綠灣會館停車場,新北市新店區安祥路75號B1/7~53號車格位,-9
060012,新店建國平面停車場,新北市新店區建國路356-1號,0
130146,和停有限公司忠義場停車場,新北市土城區忠義路16號旁空地,-9
170135,林口區國家檔案館地下停車場,新北市林口區檔案館路1號B1、B2,107
030125,皇品停車場,新北市中和區員山路589號B1/汽車位及1~39號機車位,-9
170134,富貴公園停車場,新北市林口區文化三路2段238號後面,-9
010279,Times板橋南雅夜市第2停車場,新北市板橋區南雅南路1段4巷19號旁,-9
020029,三重區二重國小地下停車場,新北市三重區大有街10號B1,14
060168,新店區能仁街橋下機車平面停車場,新北市新店區北宜路1段39巷口,3
050018,新店大豐公園平面停車場,新北市新店區二十張路143之1號,26
150052,Times五股登林路第3(月租)停車場,新北市五股區登林路86號旁,-9
020251,三重區興穀國小操場地下停車場,新北市三重區五谷王北街46號B1、B2,84
150053,Times五股登林路第2停車場,新北市五股區登林路86號旁,-9
140046,Times蘆洲永康街停車場,新北市蘆洲區永康街10號對面,-9
110111,Times汐止水源路一段(月租)停車場,新北市汐止區水源路1段238巷3號對面,-9
110110,Times汐止連興街停車場,新北市汐止區連興街148巷1號旁,-9
140014,蘆洲區忠義國小地下停車場,新北市蘆洲區光榮路99號B1/33~131號車格位,-9
060048,新店區安坑平面停車場(辰淵),新北市新店區安康路2段341巷口,20
060147,綠湖公園地下停車場,新北市新店區寶中路36號B1~B3,50
170041,京站小碧潭商場暨里民停車場,"新北市新店區中央路157號B1商場C,E,F區、2樓商場B區、3樓商場D,E,F區、人工地盤2樓(車位編號詳附件)",-9
050288,明水新創總部停車場,新北市新莊區福慧路199號B1/1~3、7~14、17~21、29~43、47~62、72、73號車格位,-9
130089,中山16收費停車場,新北市土城區中山路16號B1/56~60、72~117號及B2/1~4、6、7、10、12~15、19、20~23、29~31、36~41、43~55號車格位,-9
010235,便利停車場華江站,新北市板橋區文化路2段650巷旁空地,-9
050264,京王收費停車場,新北市新莊區民安路188巷8弄1號B2、B3及B4/66、67號車格位,-9
060011,新店區安和公園臨時平面停車場,新北市新店區安和路2段141號旁,23
160004,泰山區楓樹腳公園地下停車場,新北市泰山區楓江路26巷26號B2、B3,94
100045,淡水區鄧公國小停車場,新北市淡水區學府路99號B1,-9
060098,成美收費停車場,新北市新店區安德街26巷1號B1、B2,-9
170136,Times林口吉祥路停車場,新北市林口區吉祥路176號對面,-9
070043,樹新路停車場,新北市樹林區樹新路163號旁空地,-9
040047,元順汽車收費停車場,新北市永和區環河東路2段永福水門進入後左邊,-9
130075,日月光廣場收費停車場,新北市土城區學府路2段210號B1及B3,169
130031,安富停車場,新北市土城區永安街80號前,-9
170137,博客停車場-林口仁愛二場,新北市林口區仁愛路2段369號,-9
050289,Times新莊福慧路停車場,新北市新莊區福慧路250號旁,-9
030184,Times中和安邦街停車場,新北市中和區圓通路160號後方,-9
030185,Times中和安邦街第2停車場,新北市中和區安邦街130號旁,-9
100246,淡水濱海路停車場,新北市淡水區濱海路2段202巷60號對面空地,-9
020168,萊客有限公司三重停車場,新北市三重區電信街20號旁空地,-9
010010,新埔立體停車場,新北市板橋區英士路199號B3~20F,95
170139,Times林口文化三路第5停車場,新北市林口區文化三路1段555巷79號旁,-9
170138,Times林口仁愛路二段停車場,新北市林口區仁愛路2段269號旁,-9
140028,新北市蘆洲國民運動中心停車場,新北市蘆洲區長樂路235-1號B1,-9
060169,民權路停車場,新北市新店區民權路131號B1,-9
030103,聖日停車場,新北市中和區立言街1至35號旁空地,-9
150002,工商展覽中心地下停車場,新北市五股區五權路1號B1、B2,-9
130113,俥萊土城中華場停車場,新北市土城區中華路1段221號旁空地,-9
010271,俥萊板橋環翠2場停車場,新北市板橋區環河西路4段799巷巷底,-9
030186,立德街機車停車場,新北市中和區立德街198號旁,68
070085,聯永物業股份有限公司-樹林三俊站停車場,新北市樹林區三俊街65巷旁,-9
150037,五股國民運動中心停車場,新北市五股區成泰路3段296號1樓,-9
080029,樂陶陶社區停車場,新北市鶯歌區二橋街1號B1及B2/48~59號車格位,-9
090076,Times三峽民生街停車場,新北市三峽區民生街1巷5-100號旁,-9
130147,土城學士停車場,新北市土城區學士路153號旁空地,-9
170140,文化三路二段停車場,新北市林口區文化三路二段211巷55號前,-9
160023,明志科技大學創新大樓收費停車場,新北市泰山區工專路84號創新大樓B1/1~18、A1~A6及A27號車格位,-9
160022,明志科技大學綜合大樓停收費車場,新北市泰山區工專路84號綜合大樓B2/1、2、57~59、75~94號車格位,-9
160028,泰山區同興平面停車場,新北市泰山區福興ㄧ街與同義街18巷交叉口,10
150038,五股區台64橋下停車場,新北市五股區疏洪北路與成洲八路交界處,40
150048,五股區水碓三路平面停車場,新北市五股區水碓二路1號旁,6
020233,嘟嘟房三重興穀站停車場,新北市三重區五谷王北街48巷與神農街口旁停車場,-9
100035,Times淡水金雞母社區停車場,新北市淡水區北新路184巷50號B1/28~49號車格位,-9
010148,淡水區市民聯合服務中心地下停車場,新北市淡水區中山北路2段375號B1/259~268、323~328、332~408、413~422、430~435、514~518、525~538號機車位及B2/1~12、15~44、46~50號汽車位,-9
020001,溪美立體停車場,新北市三重區自強路4段55號,61
140031,蘆洲區溪墘公園地下停車場,新北市蘆洲區信義路65號B1、B2,47
140010,蘆洲區鷺江國中地下停車場,新北市蘆洲區長興路300號B2、B3,64
010274,USPACE中山路三段181巷停車場,新北市中和區中山路3段181巷22號對面空地,-9
160016,泰山國民運動中心停車場,新北市泰山區全興路167號B1、B2,6
140078,Times蘆洲光榮路停車場,新北市蘆洲區光榮路101巷28號旁,-9
140034,台灣聯通重陽停車場,新北市蘆洲區重陽街46號旁空地,-9
050290,新莊建國段臨時平面停車場,新北市新莊區建國一路162號對面停車場,7
270020,宏達經營管理顧問有限公司才金停車場,新北市金山區中正路66號空地,-9
230038,Times八里中山路第2停車場,新北市八里區中山路1段376號旁,-9
010265,板橋力行平面停車場,新北市板橋區大觀路2段153巷39號對面空地,-9
010303,永錡停車場,新北市板橋區板林路及樹林區保安街1段交叉路口,-9
230039,晉呈資產管理有限公司賢三停車場,新北市八里區賢三街147號旁空地,-9
020252,Times三重忠孝水漾停車場,新北市三重區忠孝路3段與水漾路2段交叉口,-9
010126,亞東醫院停車場,新北市板橋區高爾富路300號1F~3F及B2~B5,-9
050228,車堡寶實業股份有限公司五工場停車場,新北市新莊區福慧路250號右側空地停車場,-9
030144,Times中和中正路停車場,新北市中和區中正路161巷14號旁,-9
230040,台灣聯通八里公田停車場,新北市八里區民治街69號對面空地,-9
130016,中洲平面停車場,新北市土城區中州路11號對面空地,38
070054,樹林區藝文綜合行政大樓共構地下停車場,新北市樹林區樹新路40-7號B1~B3,81
070029,樹林區山佳機車地下停車場,新北市樹林區中山路3段102號B1,12
020203,Times三重正義北路停車場,新北市三重區正義北路338巷4號旁,-9
060109,新店區央北新村平面停車場,新北市新店區央北一路與啟文路交叉口,95
010304,合安一路機車停車場,新北市板橋區合宜路111號對面,-9
070006,樹林區第八平面停車場,新北市樹林區復興路390巷20號,23
070002,樹林區第三平面停車場,新北市樹林區光明街10號旁,7
010130,板橋區國民運動中心停車場,新北市板橋區智樂路6號B1~B3,-9
070001,樹林區第一平面停車場,新北市樹林區保順街107號,36
020201,全聯三重仁義停車場,新北市三重區仁義街95號1~7號車格位,-9
020253,USPACE三重極限停車場,新北市三重區五華街282號旁空地,-9
020109,光興國小地下停車場,新北市三重區正義南路62號B1、B2,77
110049,168停車聯盟-鄉長二場停車場,新北市汐止區鄉長路1段55巷底,-9
170141,Times林口文化三路一段第3停車場,新北市林口文化三路1段39巷205號旁,-9
020096,五華國小停車場,新北市三重區集賢路89號1F,-9
140032,嘟嘟房蘆洲中山站停車場,新北市蘆洲區中山一路281巷口,-9
150054,大昶停車場,新北市五股區成泰路1段98巷8號空地,-9
020240,三重心天匯停車場,新北市三重區重新路5段611號B1、B2/1~84號汽車位及1~95號機車位,-9
080046,鶯歌尖山停車場,新北市鶯歌區尖山路55號旁空地,-9
130135,華南資訊大樓停車場,新北市土城區民權街1號B2/36~91號及B3/107~156號車格位,-9
050048,Times新莊中榮街停車場,新北市新莊區中榮街75號旁,-9
170055,Times林口文化三路第4停車場,新北市林口區文化三路1段447巷41號前停車場,-9
110057,麟旺汐止車站停車場,新北市汐止區信義路1號,-9
130148,Times土城清水路第4停車場,新北市土城區清水路54號旁,-9
090046,禮頓企業有限公司三峽國際一站停車場,新北市三峽區國際一街19號旁空地,-9
010142,丞石淳收費停車場,新北市林口區文化北路1段526巷13號B1,-9
100003,淡水第二漁港停車場,新北市淡水第二漁港(淡水區中正路2段51巷右轉接觀海路),342
050221,禮頓企業有限公司新莊龍安二站停車場,新北市新莊區中正路新旺巷8號旁空地,-9
090039,和穎風和停車場,新北市三峽區國光街500號B1,-9
030140,好市多中和店停車場,新北市中和區中山路2段347號1樓及B1,-9
110078,好市多汐止店停車場,新北市汐止區大同路1段158號B1及頂樓,-9
140048,Times蘆洲長樂路第3停車場,新北市蘆洲區長樂路215號旁,-9
050014,昌平國小停車場,新北市新莊區昌平街200號B1/1~57號車格位,-9
060170,新店安德三停車場,新北市新店區安德街130巷36號旁空地,-9
090029,三峽國小地下停車場,新北市三峽區中山路16號B1、B2,178
130149,宸原實業有限公司學海場停車場,新北市土城區學海街160號斜對面空地,-9
170087,Times林口文化二路一段第2停車場,新北市林口區文化二路1段241巷26號旁,-9
110063,汐止國民運動中心停車場,新北市汐止區汐科路321號1F、2F,-9
050117,Times新莊中原昌平第2停車場,新北市新莊區中原路162號旁,-9
170142,Times林口四維路停車場,新北市林口區四維路102號旁,-9
010306,東和停車場,板橋區館前西路139號B1、B2,-9
030154,友宏信義收費停車場,新北市中和區信義街41巷25-1號B1,-9
090001,白雞停車場,新北市三峽區白雞路與紫微路旁空地停車場,176
030013,中和區圓通平面停車場,新北市中和區圓通路369巷33號旁,123
030187,連和機車停車場,新北市中和區連城路174巷42號旁,51
020176,三重商工地下停車場,新北市三重區力行路1段88號B1、B2,124
030025,枋寮平面停車場,新北市中和區中和路及泰和街口,0
080007,陶瓷藝術園區停車場,新北市鶯歌區文化路200號,-9
050083,宏達經營管理顧問有限公司中平停車場,新北市新莊區中平路110巷36號B2/142~184、191~202、208~227號車格位,-9
030006,佳和公園地下停車場,新北市中和區中山路2段64巷9號B1、B2,83
080082,宏達經營管理顧問有限公司尖福二停車場,新北市鶯歌區中正三路5巷68號對面空地,-9
170078,新北市林口國民運動中心停車場,新北市林口區文化二路2段299號B1、B2,-9
030001,民德立體停車場,新北市中和區民德路188號,227
050291,新莊區領航路平面停車場,新北市泰山區貴子路69號旁停車場,81
110112,汐止區福德段平面停車場,新北市汐止區湖前街2巷1號及康寧街474巷間,-9
080081,鳳鳴車站機車停車場,新北市鶯歌區永和街239號對面機車停車場,-9
010307,溪北公園地下停車場,新北市板橋區篤行路2段133之1號B1、B2,111
090048,禮頓企業有限公司上水站停車場,新北市三峽區國際一街22號旁空地,-9
050012,中港平面停車場,新北市新莊區中港路與中華路2段交叉口空地,0
020210,嘟嘟房三重三德站停車場,新北市三重區集仁街與三德街口空地,-9
130061,天京停車場,新北市土城區明德路2段62號B2/1~70、73~115號車格位(44、48、49號略過無編碼),-9
130055,土城國民運動中心停車場,新北市土城區金城路2段247-1號B1,-9
050255,新莊登龍平面停車場,新北市新莊區登龍街與中正路交叉口停車場,24
050052,頭前國中地下停車場,新北市新莊區思源路485號B1~B3,36
010205,文強國慶路停車場,新北市板橋區國慶路122號旁,-9
040021,欣紘停車場,新北市永和區民權路39號B2/17~21及24~28號車格位,-9
010090,新北市大遠百停車場,新北市板橋區新站路28號B2/538~560、563~609號，B3/1~32、34、35、310~339、341~343、354~537號，B4/1~16、24~33、38~40、44~59、63~69、73~309號,-9
020245,宏達經營管理顧問有限公司興德二停車場,新北市三重區興德路129號B1~B3,-9
050207,新北思源公共停車場,新北市新莊區思源路555號B1汽車位及B2、B3,-9
110113,鐳銳科技汐止一場停車場,新北市汐止區長安路91號旁,-9
030071,晉呈資產管理有限公司立德三停車場,新北市中和區立德街213號旁空地,-9
130077,土城成功水門停車場,新北市土城區成功街水門旁,34
130058,土城媽祖田運動公園停車場,新北市土城區柑城橋下北側,0
100034,淡水國民運動中心附設停車場,新北市淡水區中山北路2段381巷2號B2,-9
050292,自信停車場,新北市新莊區自信街81巷17弄2號後面,-9
010281,板橋藝文街停車場,新北市板橋區中正路399巷71號,-9
020254,Times三重集仁街停車場,新北市三重區集仁街56號對面,-9
090077,Times三峽佳福路停車場,新北市三峽區介壽路2段185號後方,-9
230022,新北市八里區行政中心收費停車場,新北市八里區八里大道16號,-9
020186,博客停車場開發股份有限公司藏壽司捷運路場,新北市三重區捷運路1號,-9
040065,永權實業有限公司三瀨停車場,新北市永和區環河東路4段與民樂街39巷交叉口堤防外,-9
050206,宏匯思源停車場,新北市新莊區思源路553號4~9F汽車位及B1機車位,32
050293,新莊中央停車場,新北市新莊區中央路與昌平街交叉口旁空地,-9
010308,忠孝公園地下停車場,新北市板橋區國慶路149巷3弄28號B1、B2,-9
010283,板橋區永翠路平面停車場,新北市板橋區中正路379巷3弄20號對面空地停車場,8
010008,府後立體停車場,新北市板橋區府中路32-1號1樓及4~6樓,39
010085,板橋國小地下停車場,新北市板橋區文化路1段23號B1~B3,39
050073,新莊西盛區停車場,新北市新莊區新莊堤19越堤道旁,62
050066,新莊利濟街水門區停車場,新北市新莊區利濟街水門旁,25
050152,新莊塔寮坑1區停車場,新北市新莊區台65橋下西盛環保公園旁,35
050208,新莊塔寮坑2區停車場,新北市新莊區瓊林路100巷對面堤外高灘地,31
120019,USPACE海科館轉運站停車場,新北市瑞芳區逢甲路436號/海科館轉運站停車場,-9
010040,正隆公園地下停車場,新北市板橋區民生路1段26-1號B1、B2,21
050126,好市多新莊店停車場,新北市新莊區建國一路138號1樓至頂樓,226
040022,宏達經營管理顧問有限公司北城停車場,新北市永和區民權路53號B2~B5,-9
010194,板橋浮洲環保公園2區停車場,新北市板橋區浮洲橋下北側,28
050097,新莊新月橋地區停車場,新北市新莊區新月橋旁,97
070034,樹林柑園河濱公園停車場,新北市樹林區柑園河濱公園旁,59
070027,樹林鹿角溪人工濕地停車場,新北市樹林區鹿角溪人工濕地旁,24
080043,後村堰極限運動公園停車場,新北市鶯歌區後村堰極限運動公園周邊停車場,34
050111,中原四平面停車場,新北市新莊區中富街與榮華路2段交叉口右側空地,-9
230001,八里第一立體停車場,新北市八里區舊城路12號,82
160039,貴賢臨時平面停車場,新北市泰山區明志路3段145巷12號旁,53
160040,商一平面停車場,新北市泰山區貴子路198-3號,12
010288,湳仔溝機車平面停車場,新北市板橋區南雅西路1段110號對面,117
010029,板橋新海抽水站平面停車場,新北市板橋區中正路511號,7
020255,Times三重集英路停車場,新北市三重區集英路12號旁,-9
080034,鶯歌國中收費停車場,新北市鶯歌區尖山埔路108號,-9
010232,叭叭房新板傑仕堡C停車場,新北市板橋區縣民大道2段275號B1~B4,-9
050294,新莊區思賢國民小學附設停車場,新北市新莊區自立街229號1樓及思賢樓B1/1號車格位,-9
010050,新北市立江翠國民中學學生活動中心地下停車場,新北市板橋區松江街63號B1/1~15集17~50號車格位,-9
130034,嘟嘟房土城延和站停車場,新北市土城區延和路250巷13號對面停車場,-9
030083,中和區民享公園地下停車場,新北市中和區自治街67號B1、B2,35
030033,中和區員山市場臨時平面停車場,新北市中和區員山路466巷19號,109
060133,青潭國小停車場,新北市新店區北宜路2段82巷旁空地,-9
140073,168停車聯盟-蘆洲保和場停車場,新北市蘆洲區保和街50號空地,-9
050070,新莊臺65高架橋下(橋墩編號P27至P47)新莊端停車場,新北市新莊區中環路2段48之8號斜對面橋下,51
050295,USPACE新莊思源路287巷停車場,新北市新莊區思源路289號旁空地,-9
290002,烏來立體停車場,新北市烏來區烏來街47號,239
020092,三重環保公園1區停車場,新北市三重區環保公園旁,30
020091,三重環保公園2區停車場,新北市三重區環保公園旁,9
030027,國立台灣圖書館地下停車場,新北市中和區中安街85號B1~B3,-9
060002,三民地下停車場,新北市新店區三民路20-1號B1、B2,49
060005,寶橋立體停車場,新北市新店區寶橋路10號,72
010054,新北市板橋府中站汽、機車平面停車場,新北市板橋區縣民大道1段與府中路交叉口及縣民大道1段與民族路交叉口,4
070063,樹林區公所平面停車場,新北市樹林區鎮前街93號樹林區公所旁,8
060157,城市車旅林口文化停車場,新北市林口區文化一路2段36號對面,-9
010234,城市車旅板橋誠品停車場,新北市板橋區中山路1段46號1樓,-9
260009,吳信周停車場,新北市貢寮區仁和路與石碇溪旁空地,-9
100042,金雞母停車場,新北市淡水區北新路184巷60號B1/44~49、52~55、61~65號車格位,-9
010165,板橋果菜批發市場第二停車場,新北市板橋區板城路1000號對面,-9
010249,浮洲車站停車場,新北市板橋區大觀路1段38巷180號對面空地,-9
130095,土城青福街停車場,新北市土城區青福街與青和街口東南側空地,-9
020256,博客停車場開發股份有限公司藏壽司集賢第二停車場,新北市三重區集賢路99號,-9
010292,板橋館前西路停車場,新北市板橋區南興路1號對面,-9
010041,新北市立中山國民中學停車場,新北市板橋區文化路1段188巷56號B1/1~38、41~49、51~61及64~100號格,-9
080083,鶯歌站前機車停車場,新北市鶯歌區文化路68-1號臺鐵鶯歌車站西北側站前機車停車場,-9
050248,後港建國臨時平面停車場,新北市新莊區建國一路73-1號旁,0
080027,宏達經營管理顧問有限公司鶯歌停車場,新北市鶯歌區建國路12號對面空地,-9
030163,中和板南停車場,新北市中和區板南路與大洋街交叉口空地,-9
010227,捷運板新站轉乘機車停車場,新北市板橋區板新路109號,14
010226,捷運頭前庄站轉乘機車停車場,新北市新莊區思源路20號,11
110114,新台五停車場,新北市汐止區新台五路2段145-1號前空地,-9
060125,捷運十四張站轉乘停車場,新北市新店區民權路282號,17
050178,捷運新北產業園區站轉乘停車場,新北市新莊區五工路35號,11
210003,新北市淺水灣停車場,新北市三芝區后厝里北勢子45-32號旁,61
160013,泰山國小停車場,新北市泰山區泰林路2段2段255號對面空地,-9
140012,重陽大樓停車場,新北蘆洲區集賢路245號B1/134、151~153號車格位及B2、B3,0
160021,新北泰山停車場,新北市泰山區明志路1段385號旁空地,11
040049,河堤停車場,新北市永和區中正橋北往南下堤外匝道右側,-9
130102,Times土城廣福街第2停車場,新北市土城區廣福街137號旁,-9
080042,Times鶯歌鳳鳴路第2停車場,,-9
090047,Times思夢樂三峽店停車場,新北市三峽區三樹路197號,-9
010290,Times板橋林家花園停車場,新北市板橋區西門街40號對面,-9
100062,Times淡水中山北路二段第2停車場,新北市淡水區中山北路2段381巷120號旁,-9
010280,板橋五權公園地下停車場,新北市板橋區廣權路130號B1~B3,158
010286,板橋區信義段24地號平面停車場,新北市板橋區廣權路130號旁路邊停車格,2
050179,嘟嘟房新莊化成站停車場,新北市新莊區化成路222號旁,-9
050176,嘟嘟房新莊中原2站停車場,新北市新莊區昌智路與福壽街交叉口旁,-9
020257,光復神農停車場,新北市三重區神農街50號對面空地,-9
090013,礁溪公有市場停車場,新北市三峽區光明路71號1F、B1、B2,-9
070003,樹林保安立體停車場,新北市樹林區保安街1段7號,22
030189,錦昌平面停車場,新北市中和區圓通路367巷1-1號旁,34
270002,金山國民小學停車場,新北市金山區文化一路2號旁,-9
290003,內洞國家森林遊樂區停車場,新北市烏來區娃娃谷路46號,-9
050250,新莊區文中三平面停車場,新北市新莊區三泰路56-6號旁,14
010309,USPACE信義嘉品停車場,新北市板橋區藝文一街35號B2、B3及B4/147~180號車格位,-9
140037,Times優衣庫蘆洲長榮路店停車場,新北市蘆洲區長榮路253號,-9
010115,Times板橋北門街停車場,新北市板橋區北門街25號旁,-9
060100,斯馨停車場,新北市新店區央北二路及斯馨一路交叉口,-9
010260,(交通局轄管)新埔國小地下停車場,新北市板橋區陽明街206號B1~B3,101
020179,博客停車場開發股份有限公司藏壽司集賢場停車場,新北市三重區集賢路99號,-9
100041,博客停車場-淡水中山場,新北市淡水區中山北路2段96號,-9
010020,萬板高架橋下停車場,新北市板橋區萬板路558號對面高架橋下停車場,27
110036,汐止國泰綜合醫院停車場,新北市汐止區建成路59巷2號B2~B4,-9
050205,新莊中正停車場,新北市新莊區中正路425號後空地,-9
170143,林口中山停車場,新北市林口區中山路278號旁空地,-9
120025,富士開發瑞芳二區收費停車場,新北市瑞芳區魚坑路4-1號 後方,-9
020259,台灣聯通五谷好室停車場,新北市三重區五谷王北街45巷32弄11號B1~B3,-9
040046,安全停車場,新北市永和區環河東路4段與民樂街39巷交叉口往堤外道路,-9
100043,Times淡水中山北路二段停車場,新北市淡水區中山北路2段189巷32號對面,-9
060093,Times新店環河路停車場,新北市新店區環河路19巷3弄1號對面,-9
100030,淡水區淡水國民小學停車場,新北市淡水區中山路160號,-9
090012,臺北大學運動場地下停車場,新北市三峽區大學路151號B2、B3,-9
130138,土城RICH停車場,新北市土城區金城路1段26號B1/12、16、17號及B2/1~7、9~11號車格位,-9
170144,Times林口四維路第2停車場,新北市林口區四維路102號旁,-9
050101,晶冠廣場地下停車場,新北市新莊區五工路66號B1~B3,47
160007,泰山體育園區停車場,新北市泰山區公園路54號B1,-9
160037,綠三臨時平面停車場,新北市泰山區文程路26號旁,68
010036,特專三平面停車場,新北市板橋區漢生東路64號旁,98
010222,板橋區中山國小地下停車場,新北市板橋區大觀路59巷31號B1、B2,60
100032,文化機車立體停車場,新北市淡水區文化路57號,204
020208,Times三重溪尾街停車場,新北市三重區溪尾街266號旁,-9
160025,輔仁大學附設醫院停車場,新北市泰山區貴子路69號B1~B4,-9
130121,新北高工地下停車場,新北市土城區海山路99號B1~B3,39
010289,板橋區江翠段102地號平面停車場,新北市板橋區華江一路及華江七路交叉口旁空地停車場,11
010239,板橋區華翠橋下平面停車場,新北市板橋區縣民大道3段/環河西路4段至華翠橋A02號橋墩間,10
010143,Times新莊中原路第7停車場,新北市新莊區中原路1段89號對面,-9
160030,Times泰山仁武街停車場,新北市泰山區仁武街15號旁,-9
050151,Times新莊福德一街第2停車場,新北市新莊區福德一街47號旁,-9
060135,央北停車場,新北市新店區中山路與央北二路交叉口,-9
020104,三重國民運動中心地下停車場,新北市三重區集美街55號B1、B2,-9
020244,三重區農會停車場,新北市三重區重新路2段1號1樓,-9
080084,川流駐車場鶯桃營業所停車場,新北市鶯歌區鶯桃路2段31號旁,-9
110050,泊界收費停車場,新北市汐止區長安路17號/五堵火車站旁高架橋下,-9
140022,嘟嘟房蘆洲功學社站停車場,新北市蘆洲區中山二路162號1樓及B1、B2,-9
140079,蘆洲區民族路408巷平面停車場,新北市蘆洲區民族路408巷,-9
050220,新莊區建國一路平面停車場,新北市新莊區建國一路與建國二路口停車場,28
010156,廣停一平面停車場,新北市林口區文化二路1段及文化二路1段525巷交叉口,0
170048,廣停五平面停車場,新北市林口區仁愛一路及民富街交叉口,0
030188,民利街機車停車場,新北市中和區民利街68巷5弄15號對面,88
040057,永合停車場,新北市永和區環河東路2段永福水門進入後正前方,-9
170058,展悅CEO豪辦總部收費停車場,新北市林口區文化三路2段451~457號B1,-9
130150,聚源土城明德場停車場,新北市土城區學海街168號斜對面,-9
020260,宏達經營管理顧問有限公司福址停車場,新北市三重區水漾路1段158號旁空地,-9
010310,Times板橋滿平街停車場,新北市板橋區滿平街25號旁,-9
050210,Times新莊中原路第5停車場,新北市新莊區中原路71號對面,-9
040005,永和區福和國中地下停車場,新北市永和區永亨路96號B1、B2,134
